customer_id,customer_name,customer_address,phone_number,email,valid_from,valid_to
1026,Lori Odom,"66894 Pamela Ridge Apt. 701
Wilsonport, NV 55859",,santanachristopher@wilson-bailey.com,2024-01-30,9999-12-31
1030,David Odonnell,"USNV Simmons
FPO AE 08244",6864684148,kathleen41@hotmail.com,2024-08-30,9999-12-31
1035,Cheryl Weaver,"3716 Cunningham Station Apt. 567
Davidborough, TX 41021",893.223.0773x3326,smithcatherine@yahoo.com,2024-03-07,9999-12-31
1036,Rebecca Johnson,"674 Bishop Mission
Suzannebury, NY 90306",018.713.0054x360,carol33@holt-higgins.info,2024-05-25,9999-12-31
1037,Lisa Hill,"6720 Brittany Streets
Lake Sabrinaview, IN 22990",(646)830-3919x64651,cory15@hotmail.com,2024-11-01,9999-12-31
1038,Aaron Cooper,"37842 Haynes Isle Suite 421
South Marisa, PA 75690",249-334-3781x7626,crystal91@henderson-lane.net,2024-11-26,9999-12-31
1039,Betty Andrews,"Unit 9441 Box 7301
DPO AA 92892",(055)647-0735,avilacody@yahoo.com,2024-04-10,9999-12-31
1047,Edward Stone,"31740 Martinez Trace
Jonesview, NC 49949",884.266.5166x7808,zwhite@hotmail.com,2024-03-31,9999-12-31
1048,James Myers,"78527 Kelly Corner
Powellbury, FL 03544",001-403-398-8094,vyoder@wiley-jones.com,2024-08-06,9999-12-31
1050,Scott Freeman,"528 John Hollow
Theresabury, SC 37328",0970621868,emily78@gmail.com,2024-01-24,9999-12-31
1053,Robert Pratt,"9189 Christine Divide
Port Edward, OH 51538",020.465.4390,anthony28@hotmail.com,2024-11-06,9999-12-31
1054,Ronald Sharp,"027 King Forest
East Megan, WV 86035",665.459.2000x4188,christophergarcia@yahoo.com,2024-01-29,9999-12-31
1056,Courtney Gomez,"3891 Mcdonald Grove Apt. 869
Lake Latoyabury, NJ 14390",4457130347,markgreen@mitchell.com,2024-04-20,9999-12-31
1057,Scott Mason,"108 Angela Via Suite 828
North Thomas, AZ 36777",598.565.6459x188,debra31@carter.com,2024-04-21,9999-12-31
1058,Jorge Ortega,"USCGC Burns
FPO AA 09606",(680)662-4877x04969,michelleglass@gmail.com,2024-07-30,9999-12-31
1062,Jack Wood,"PSC 4226, Box 5476
APO AA 60249",(439)936-5825,daniel35@griffin-adams.info,2024-08-30,9999-12-31
1064,Chelsea Clark,"671 Frazier Stravenue
Jamesborough, MA 35967",455.151.6928,marshallstephanie@gmail.com,2024-07-14,9999-12-31
1065,Anthony Moore,"58492 Moore Circles
North Oscarland, AK 48584",(232)517-2974x49987,vhart@gmail.com,2024-09-28,9999-12-31
1066,Adam Adams,"USS Hall
FPO AE 84729",001-478-168-9105,hdaniel@yahoo.com,2024-07-05,9999-12-31
1067,Tony Vincent,"30698 Carol Square Apt. 356
Baileyberg, WI 85207",(817)155-1702,scooley@white.org,2024-07-12,9999-12-31
1070,Jacob Harris,"156 Barbara Isle
Port Sergio, OK 76030",+1-942-233-6560x0367,danielleweber@gmail.com,2024-08-10,9999-12-31
1074,Steven Williams,"USCGC Barton
FPO AP 04123",+1-712-164-2330x8887,michaelmiles@joseph.info,2024-04-28,9999-12-31
1077,Dr. Amanda Cochran,"USNS Cunningham
FPO AE 51113",+1-964-993-3920x3202,williamskathleen@ramirez-alexander.com,2024-08-18,9999-12-31
1081,Lindsay Wilson,"797 Lisa River Suite 866
West Carolbury, KS 44892",(207)272-3996x79818,christine79@taylor.net,2024-04-02,9999-12-31
1083,Jocelyn Montgomery,"140 Taylor Way
Jeremybury, CO 91712",695-126-5223,stephaniewelch@haas.biz,2024-12-25,9999-12-31
1085,Alvin Walsh,"4112 Spears Centers
Robertton, AL 68222",(267)390-6828x89534,wcampbell@gmail.com,2024-04-13,9999-12-31
1086,Aaron Mcdowell,"46192 Patrick Well Suite 484
Nicholasberg, MD 44026",+1-500-357-4351,stephen36@brown.com,2024-04-28,9999-12-31
1087,Justin Rowe,"5753 Brian Way
Pattystad, OK 45929",001-549-169-1682x19781,robert67@yahoo.com,2024-08-10,9999-12-31
1088,Cynthia Williams,"870 Keith Plaza Apt. 880
Port Dianaland, AK 54229",+1-330-472-1846x00448,elizabethlynch@brown.info,2024-06-10,9999-12-31
1089,Brandon Macias,"602 Jennifer Village Apt. 297
Bassberg, OH 66020",(701)194-6449x59349,xmartinez@yahoo.com,2024-07-06,9999-12-31
1090,Johnathan Meyer,"006 Sarah Village
Norrisside, ID 58412",328.284.4441x211,ihowe@frederick.info,2024-07-01,9999-12-31
1095,Jeffrey Becker,"Unit 7106 Box 4307
DPO AP 54542",001-636-040-1136x95849,samanthaandersen@reynolds-nichols.info,2024-07-09,9999-12-31
1096,Holly Medina,"2648 Jackson Lakes Suite 767
Aliciahaven, VA 52977",(875)340-1444,alanmolina@doyle.com,2024-07-29,9999-12-31
1097,Carrie Levy,"53894 Lauren Vista
Natalieside, TN 57176",+1-426-321-0954,michaelcollier@odonnell.org,2024-01-26,9999-12-31
1098,Matthew Murphy,"PSC 5614, Box 1870
APO AP 94866",2438925942,greermichael@yahoo.com,2024-10-19,9999-12-31
1099,James Welch,"USNS Rhodes
FPO AE 19915",918.910.1041x1076,amanda62@yahoo.com,2024-07-28,9999-12-31
1101,Daniel Nichols,"5543 Green Via Apt. 254
West Arthur, NV 37882",0285724877,martinkatherine@yahoo.com,2024-03-14,9999-12-31
1102,Brandon Cunningham,"76645 Pittman Village
Jonesland, IL 18027",+1-611-684-8312x3933,smithcolleen@lester.info,2024-11-25,9999-12-31
1103,Joshua Lester,"55425 Amber Village
West Sarah, AL 67890",+1-806-294-9071x038,scottalexander@gmail.com,2024-02-17,9999-12-31
1104,Ray Garcia,"6459 Michelle Knolls
West Tara, NJ 71178",692.953.0120x606,yhouse@yahoo.com,2024-06-30,9999-12-31
1105,Christopher Garrett,"PSC 4301, Box 9100
APO AP 99350",934.794.3923x64446,floresnicholas@stafford.com,2024-06-04,9999-12-31
1106,Stephanie Wang,"3123 Crystal Club Apt. 586
Rachelside, ID 57822",244-576-0368x135,todd34@gmail.com,2024-07-06,9999-12-31
1107,Eric Fisher,"2786 Judith Gateway Suite 725
Jameshaven, WA 74766",0759950746,vward@hotmail.com,2024-03-26,9999-12-31
1108,Earl Walker,"Unit 5236 Box 0869
DPO AA 25371",+1-805-231-9006x44986,jamiebradley@best-cole.com,2024-12-01,9999-12-31
1110,Brenda Best,"734 Ronald Flat
Port Scott, NV 84093",+1-598-095-4782x680,colerogers@hotmail.com,2024-03-06,9999-12-31
1112,Christina Reed,"7329 Stevenson Dale
Cobbfurt, UT 54886",001-445-858-8528x3065,juliagray@hotmail.com,2024-12-02,9999-12-31
1113,Jennifer Thomas,"2433 David Freeway
Thomasland, DE 81787",001-142-629-3880x085,smithcrystal@molina-graham.com,2024-11-24,9999-12-31
1114,Russell Cole,"32632 Parker Square Apt. 043
New Danielfort, NY 92606",001-950-823-4506x97590,sryan@day.com,2024-04-19,9999-12-31
1116,Riley Knox,"PSC 3733, Box 4565
APO AP 45908",001-877-594-9745x82639,michelleibarra@gmail.com,2024-08-05,9999-12-31
1117,Jeremiah Gomez,"89496 Oneill Station
Catherinechester, MD 97910",537-690-3413x568,curryjames@rosales.com,2024-02-18,9999-12-31
1118,Mary Morse,"111 Thomas Hill Apt. 374
Patriciafort, GA 64630",+1-087-088-7843,melaniewillis@hotmail.com,2024-10-15,9999-12-31
1121,Jacob Davis,"81113 Karen Lakes
Chelseaborough, RI 21193",628.326.0161x5057,lreyes@brandt.biz,2024-08-01,9999-12-31
1122,Sharon Fitzgerald,"55564 Thomas Harbors
Williamfurt, MN 54496",915.421.4711,evanspamela@hall.biz,2024-02-25,9999-12-31
1124,John Jenkins,"9106 Phillips Pike Suite 489
North Jesseberg, ME 35108",461-290-9254,ywilliams@reyes.com,2024-10-01,9999-12-31
1125,Caitlin Walker,"25730 Jordan Glens
Natashaburgh, TX 14127",159-567-2409x914,marksimpson@yahoo.com,2024-03-20,9999-12-31
1128,Sheila Smith,"832 Moore Causeway Apt. 295
Petersonport, NE 70527",847.582.6112x46147,glassgabrielle@shaffer.net,2024-10-22,9999-12-31
1131,Jonathon Garcia,"852 Cohen Knolls
Baileyberg, FL 50623",694-165-4868x8928,durannicholas@cruz.com,2024-02-10,9999-12-31
1132,Jason Johnson,"0822 Hayes Run Apt. 230
Johnberg, OK 59668",(674)707-8307x2244,wkhan@hotmail.com,2024-10-16,9999-12-31
1133,Alexis Andersen,"835 Baldwin Hill
Williamview, MS 81351",412-710-7880x06641,sharismith@potter-martinez.org,2024-11-15,9999-12-31
1135,Laura Garcia,"Unit 7049 Box 6746
DPO AE 57337",+1-219-330-3482,heatherjones@fisher-simpson.com,2024-01-23,9999-12-31
1136,Paula Wallace,"7685 Stephenson Wells
Rogersfort, WA 25907",851.488.7590,michael51@hotmail.com,2024-04-01,9999-12-31
1137,Melissa Williams,"092 Michael Camp Apt. 547
New Jonathanmouth, OK 25320",944.753.2471x9620,umiller@church.com,2024-11-23,9999-12-31
1138,Mr. Nicholas Rhodes,"8514 Jeremiah Plaza
Terrybury, CT 21986",722.429.8400,susanbailey@yahoo.com,2024-03-20,9999-12-31
1139,Monique Jones,"065 Heather Route
West Andreafort, CA 50012",1399509257,christopherrodriguez@ferguson.com,2024-10-07,9999-12-31
1140,Bryan Lowe,"8557 Pamela Squares
South Michaeltown, MT 09574",338.246.7463x1880,jonesrachael@obrien-george.com,2024-07-19,9999-12-31
1141,Charles Jimenez,"283 Fitzpatrick Shoals
South Tina, OH 10782",(050)207-9153,rscott@yahoo.com,2024-07-26,9999-12-31
1142,Jose Thompson,"Unit 7648 Box 9504
DPO AP 14164",0928875051,aaronbaldwin@hensley-vargas.com,2024-10-30,9999-12-31
1143,Thomas Trevino,"8984 Jones Well Apt. 442
Davisland, CA 21129",001-533-877-8707x1893,mistymckenzie@ingram.com,2024-01-14,9999-12-31
1144,Tamara Mckee,"07920 Robert Road Suite 591
East Robynstad, CA 09005",0306655132,dgibson@hotmail.com,2024-05-01,9999-12-31
1145,Phillip Johnson,"7182 William Summit
Fordbury, AR 60752",001-964-581-6969x374,david13@gmail.com,2024-06-08,9999-12-31
1146,Austin Miller,"069 Karen Roads Apt. 535
South David, MA 33754",6120286418,zcarney@yahoo.com,2024-11-12,9999-12-31
1148,Susan Flores,"11958 Monique Radial
Gregoryton, NH 84504",+1-519-930-7580x41920,bernardgregory@howell.com,2024-05-22,9999-12-31
1149,Terri Aguilar,"Unit 6245 Box 6703
DPO AA 27816",001-789-502-2055x8699,victorroth@richardson-brown.com,2024-11-12,9999-12-31
1001,Michelle Mcbride,"0613 Sanders Islands Suite 871
Catherineport, MN 20654",(220)633-2698x716,millergabriella@greene.com,2024-09-10,9999-12-31
1002,Caleb Carter,"USNS Young
FPO AP 70550",(838)696-0925x780,wardjennifer@hotmail.com,2024-03-18,9999-12-31
1006,Jennifer Adams,"27070 Young Views Apt. 973
Russellside, TX 46865",(860)022-1416,todd23@hotmail.com,2024-08-21,9999-12-31
1008,Cameron Patrick,"76801 Ruiz Roads
Lisaview, ND 46964",527.433.0454x28798,kathy09@gmail.com,2024-07-15,9999-12-31
1009,Brian Klein,"3691 Hall Greens
East Jenniferburgh, MA 37230",089.818.6903x976,klambert@gmail.com,2024-08-25,9999-12-31
1012,James Wood,"27108 Valenzuela Track
Mclaughlinbury, CA 55514",(238)466-5589x423,paguilar@gmail.com,2024-05-20,9999-12-31
1013,Jeffrey Reid,"45623 Carter Road Apt. 269
Port Brooke, ND 58705",(975)717-8886,williamwilson@franklin.net,2024-03-09,9999-12-31
1014,Stephanie Perez,"7888 Lee Station
Raymondville, NC 92293",896-664-7563x040,curtis83@williams.com,2024-09-28,9999-12-31
1015,Lisa Strickland,"USNS Mullins
FPO AA 32432",(341)883-0965x098,kathyharris@booker-garcia.com,2024-04-01,9999-12-31
1017,Emily Stark,"779 John Union
Port Daniel, KY 36281",(948)584-0349x382,nicole17@yahoo.com,2024-05-01,9999-12-31
1019,Zachary Ramos,"99482 Donald Viaduct Suite 025
East Michelle, NC 73134",584.260.9761x6212,cheyennebrown@nelson-whitehead.com,2024-07-21,9999-12-31
1021,Christopher Jones,"974 Warren Oval Suite 758
East Alexandra, MD 97793",106.449.4907x68325,khernandez@little.info,2024-05-10,9999-12-31
1022,Brenda Simpson,"0274 Simmons Views
North Kyle, RI 73851",404.284.9665,johnsamy@simpson.com,2024-12-15,9999-12-31
1023,Krista Wright DDS,"4032 Gabriella Plains Apt. 331
Jennifertown, CO 56996",+1-486-643-0471x5433,beth04@hart-green.info,2024-01-27,9999-12-31
