customer_id,customer_name,customer_address,phone_number,email,valid_from,valid_to,is_current,business_date
1026,Lori Odom,"66894 Pamela Ridge Apt. 701
Wilsonport, NV 55859",null,santanachristopher@wilson-bailey.com,2025-11-30,9999-12-31,true,2025-11-30
1030,David Odonnell,"USNV Simmons
FPO AE 08244",6864684148,kathleen41@hotmail.com,2025-11-30,9999-12-31,true,2025-11-30
1035,Cheryl Weaver,"3716 Cunningham Station Apt. 567
Davidborough, TX 41021",893.223.0773x3326,smithcatherine@yahoo.com,2025-11-30,9999-12-31,true,2025-11-30
1036,Rebecca Johnson,"674 Bishop Mission
Suzannebury, NY 90306",018.713.0054x360,carol33@holt-higgins.info,2025-11-30,9999-12-31,true,2025-11-30
1037,Lisa Hill,"6720 Brittany Streets
Lake Sabrinaview, IN 22990",(646)830-3919x64651,cory15@hotmail.com,2025-11-30,9999-12-31,true,2025-11-30
1038,Aaron Cooper,"37842 Haynes Isle Suite 421
South Marisa, PA 75690",249-334-3781x7626,crystal91@henderson-lane.net,2025-11-30,9999-12-31,true,2025-11-30
1039,Betty Andrews,"Unit 9441 Box 7301
DPO AA 92892",(055)647-0735,avilacody@yahoo.com,2025-11-30,9999-12-31,true,2025-11-30
1047,Edward Stone,"31740 Martinez Trace
Jonesview, NC 49949",884.266.5166x7808,zwhite@hotmail.com,2025-11-30,9999-12-31,true,2025-11-30
1048,James Myers,"78527 Kelly Corner
Powellbury, FL 03544",001-403-398-8094,vyoder@wiley-jones.com,2025-11-30,9999-12-31,true,2025-11-30
1050,Scott Freeman,"528 John Hollow
Theresabury, SC 37328",0970621868,emily78@gmail.com,2025-11-30,9999-12-31,true,2025-11-30
1053,Robert Pratt,"9189 Christine Divide
Port Edward, OH 51538",020.465.4390,anthony28@hotmail.com,2025-11-30,9999-12-31,true,2025-11-30
1054,Ronald Sharp,"027 King Forest
East Megan, WV 86035",665.459.2000x4188,christophergarcia@yahoo.com,2025-11-30,9999-12-31,true,2025-11-30
1056,Courtney Gomez,"3891 Mcdonald Grove Apt. 869
Lake Latoyabury, NJ 14390",4457130347,markgreen@mitchell.com,2025-11-30,9999-12-31,true,2025-11-30
1057,Scott Mason,"108 Angela Via Suite 828
North Thomas, AZ 36777",598.565.6459x188,debra31@carter.com,2025-11-30,9999-12-31,true,2025-11-30
1058,Jorge Ortega,"USCGC Burns
FPO AA 09606",(680)662-4877x04969,michelleglass@gmail.com,2025-11-30,9999-12-31,true,2025-11-30
1062,Jack Wood,"PSC 4226, Box 5476
APO AA 60249",(439)936-5825,daniel35@griffin-adams.info,2025-11-30,9999-12-31,true,2025-11-30
1064,Chelsea Clark,"671 Frazier Stravenue
Jamesborough, MA 35967",455.151.6928,marshallstephanie@gmail.com,2025-11-30,9999-12-31,true,2025-11-30
1065,Anthony Moore,"58492 Moore Circles
North Oscarland, AK 48584",(232)517-2974x49987,vhart@gmail.com,2025-11-30,9999-12-31,true,2025-11-30
1066,Adam Adams,"USS Hall
FPO AE 84729",001-478-168-9105,hdaniel@yahoo.com,2025-11-30,9999-12-31,true,2025-11-30
1067,Tony Vincent,"30698 Carol Square Apt. 356
Baileyberg, WI 85207",(817)155-1702,scooley@white.org,2025-11-30,9999-12-31,true,2025-11-30
1070,Jacob Harris,"156 Barbara Isle
Port Sergio, OK 76030",+1-942-233-6560x0367,danielleweber@gmail.com,2025-11-30,9999-12-31,true,2025-11-30
1074,Steven Williams,"USCGC Barton
FPO AP 04123",+1-712-164-2330x8887,michaelmiles@joseph.info,2025-11-30,9999-12-31,true,2025-11-30
1077,Dr. Amanda Cochran,"USNS Cunningham
FPO AE 51113",+1-964-993-3920x3202,williamskathleen@ramirez-alexander.com,2025-11-30,9999-12-31,true,2025-11-30
1081,Lindsay Wilson,"797 Lisa River Suite 866
West Carolbury, KS 44892",(207)272-3996x79818,christine79@taylor.net,2025-11-30,9999-12-31,true,2025-11-30
1083,Jocelyn Montgomery,"140 Taylor Way
Jeremybury, CO 91712",695-126-5223,stephaniewelch@haas.biz,2025-11-30,9999-12-31,true,2025-11-30
1085,Alvin Walsh,"4112 Spears Centers
Robertton, AL 68222",(267)390-6828x89534,wcampbell@gmail.com,2025-11-30,9999-12-31,true,2025-11-30
1086,Aaron Mcdowell,"46192 Patrick Well Suite 484
Nicholasberg, MD 44026",+1-500-357-4351,stephen36@brown.com,2025-11-30,9999-12-31,true,2025-11-30
1087,Justin Rowe,"5753 Brian Way
Pattystad, OK 45929",001-549-169-1682x19781,robert67@yahoo.com,2025-11-30,9999-12-31,true,2025-11-30
1088,Cynthia Williams,"870 Keith Plaza Apt. 880
Port Dianaland, AK 54229",+1-330-472-1846x00448,elizabethlynch@brown.info,2025-11-30,9999-12-31,true,2025-11-30
1089,Brandon Macias,"602 Jennifer Village Apt. 297
Bassberg, OH 66020",(701)194-6449x59349,xmartinez@yahoo.com,2025-11-30,9999-12-31,true,2025-11-30
1090,Johnathan Meyer,"006 Sarah Village
Norrisside, ID 58412",328.284.4441x211,ihowe@frederick.info,2025-11-30,9999-12-31,true,2025-11-30
1095,Jeffrey Becker,"Unit 7106 Box 4307
DPO AP 54542",001-636-040-1136x95849,samanthaandersen@reynolds-nichols.info,2025-11-30,9999-12-31,true,2025-11-30
1096,Holly Medina,"2648 Jackson Lakes Suite 767
Aliciahaven, VA 52977",(875)340-1444,alanmolina@doyle.com,2025-11-30,9999-12-31,true,2025-11-30
1097,Carrie Levy,"53894 Lauren Vista
Natalieside, TN 57176",+1-426-321-0954,michaelcollier@odonnell.org,2025-11-30,9999-12-31,true,2025-11-30
1098,Matthew Murphy,"PSC 5614, Box 1870
APO AP 94866",2438925942,greermichael@yahoo.com,2025-11-30,9999-12-31,true,2025-11-30
1099,James Welch,"USNS Rhodes
FPO AE 19915",918.910.1041x1076,amanda62@yahoo.com,2025-11-30,9999-12-31,true,2025-11-30
1101,Daniel Nichols,"5543 Green Via Apt. 254
West Arthur, NV 37882",0285724877,martinkatherine@yahoo.com,2025-11-30,9999-12-31,true,2025-11-30
1102,Brandon Cunningham,"76645 Pittman Village
Jonesland, IL 18027",+1-611-684-8312x3933,smithcolleen@lester.info,2025-11-30,9999-12-31,true,2025-11-30
1103,Joshua Lester,"55425 Amber Village
West Sarah, AL 67890",+1-806-294-9071x038,scottalexander@gmail.com,2025-11-30,9999-12-31,true,2025-11-30
1104,Ray Garcia,"6459 Michelle Knolls
West Tara, NJ 71178",692.953.0120x606,yhouse@yahoo.com,2025-11-30,9999-12-31,true,2025-11-30
1105,Christopher Garrett,"PSC 4301, Box 9100
APO AP 99350",934.794.3923x64446,floresnicholas@stafford.com,2025-11-30,9999-12-31,true,2025-11-30
1106,Stephanie Wang,"3123 Crystal Club Apt. 586
Rachelside, ID 57822",244-576-0368x135,todd34@gmail.com,2025-11-30,9999-12-31,true,2025-11-30
1107,Eric Fisher,"2786 Judith Gateway Suite 725
Jameshaven, WA 74766",0759950746,vward@hotmail.com,2025-11-30,9999-12-31,true,2025-11-30
1108,Earl Walker,"Unit 5236 Box 0869
DPO AA 25371",+1-805-231-9006x44986,jamiebradley@best-cole.com,2025-11-30,9999-12-31,true,2025-11-30
1110,Brenda Best,"734 Ronald Flat
Port Scott, NV 84093",+1-598-095-4782x680,colerogers@hotmail.com,2025-11-30,9999-12-31,true,2025-11-30
1112,Christina Reed,"7329 Stevenson Dale
Cobbfurt, UT 54886",001-445-858-8528x3065,juliagray@hotmail.com,2025-11-30,9999-12-31,true,2025-11-30
1113,Jennifer Thomas,"2433 David Freeway
Thomasland, DE 81787",001-142-629-3880x085,smithcrystal@molina-graham.com,2025-11-30,9999-12-31,true,2025-11-30
1114,Russell Cole,"32632 Parker Square Apt. 043
New Danielfort, NY 92606",001-950-823-4506x97590,sryan@day.com,2025-11-30,9999-12-31,true,2025-11-30
1116,Riley Knox,"PSC 3733, Box 4565
APO AP 45908",001-877-594-9745x82639,michelleibarra@gmail.com,2025-11-30,9999-12-31,true,2025-11-30
1117,Jeremiah Gomez,"89496 Oneill Station
Catherinechester, MD 97910",537-690-3413x568,curryjames@rosales.com,2025-11-30,9999-12-31,true,2025-11-30
1118,Mary Morse,"111 Thomas Hill Apt. 374
Patriciafort, GA 64630",+1-087-088-7843,melaniewillis@hotmail.com,2025-11-30,9999-12-31,true,2025-11-30
1121,Jacob Davis,"81113 Karen Lakes
Chelseaborough, RI 21193",628.326.0161x5057,lreyes@brandt.biz,2025-11-30,9999-12-31,true,2025-11-30
1122,Sharon Fitzgerald,"55564 Thomas Harbors
Williamfurt, MN 54496",915.421.4711,evanspamela@hall.biz,2025-11-30,9999-12-31,true,2025-11-30
1124,John Jenkins,"9106 Phillips Pike Suite 489
North Jesseberg, ME 35108",461-290-9254,ywilliams@reyes.com,2025-11-30,9999-12-31,true,2025-11-30
1125,Caitlin Walker,"25730 Jordan Glens
Natashaburgh, TX 14127",159-567-2409x914,marksimpson@yahoo.com,2025-11-30,9999-12-31,true,2025-11-30
1128,Sheila Smith,"832 Moore Causeway Apt. 295
Petersonport, NE 70527",847.582.6112x46147,glassgabrielle@shaffer.net,2025-11-30,9999-12-31,true,2025-11-30
1131,Jonathon Garcia,"852 Cohen Knolls
Baileyberg, FL 50623",694-165-4868x8928,durannicholas@cruz.com,2025-11-30,9999-12-31,true,2025-11-30
1132,Jason Johnson,"0822 Hayes Run Apt. 230
Johnberg, OK 59668",(674)707-8307x2244,wkhan@hotmail.com,2025-11-30,9999-12-31,true,2025-11-30
1133,Alexis Andersen,"835 Baldwin Hill
Williamview, MS 81351",412-710-7880x06641,sharismith@potter-martinez.org,2025-11-30,9999-12-31,true,2025-11-30
1135,Laura Garcia,"Unit 7049 Box 6746
DPO AE 57337",+1-219-330-3482,heatherjones@fisher-simpson.com,2025-11-30,9999-12-31,true,2025-11-30
1136,Paula Wallace,"7685 Stephenson Wells
Rogersfort, WA 25907",851.488.7590,michael51@hotmail.com,2025-11-30,9999-12-31,true,2025-11-30
1137,Melissa Williams,"092 Michael Camp Apt. 547
New Jonathanmouth, OK 25320",944.753.2471x9620,umiller@church.com,2025-11-30,9999-12-31,true,2025-11-30
1138,Mr. Nicholas Rhodes,"8514 Jeremiah Plaza
Terrybury, CT 21986",722.429.8400,susanbailey@yahoo.com,2025-11-30,9999-12-31,true,2025-11-30
1139,Monique Jones,"065 Heather Route
West Andreafort, CA 50012",1399509257,christopherrodriguez@ferguson.com,2025-11-30,9999-12-31,true,2025-11-30
1140,Bryan Lowe,"8557 Pamela Squares
South Michaeltown, MT 09574",338.246.7463x1880,jonesrachael@obrien-george.com,2025-11-30,9999-12-31,true,2025-11-30
1141,Charles Jimenez,"283 Fitzpatrick Shoals
South Tina, OH 10782",(050)207-9153,rscott@yahoo.com,2025-11-30,9999-12-31,true,2025-11-30
1142,Jose Thompson,"Unit 7648 Box 9504
DPO AP 14164",0928875051,aaronbaldwin@hensley-vargas.com,2025-11-30,9999-12-31,true,2025-11-30
1143,Thomas Trevino,"8984 Jones Well Apt. 442
Davisland, CA 21129",001-533-877-8707x1893,mistymckenzie@ingram.com,2025-11-30,9999-12-31,true,2025-11-30
1144,Tamara Mckee,"07920 Robert Road Suite 591
East Robynstad, CA 09005",0306655132,dgibson@hotmail.com,2025-11-30,9999-12-31,true,2025-11-30
1145,Phillip Johnson,"7182 William Summit
Fordbury, AR 60752",001-964-581-6969x374,david13@gmail.com,2025-11-30,9999-12-31,true,2025-11-30
1146,Austin Miller,"069 Karen Roads Apt. 535
South David, MA 33754",6120286418,zcarney@yahoo.com,2025-11-30,9999-12-31,true,2025-11-30
1148,Susan Flores,"11958 Monique Radial
Gregoryton, NH 84504",+1-519-930-7580x41920,bernardgregory@howell.com,2025-11-30,9999-12-31,true,2025-11-30
1149,Terri Aguilar,"Unit 6245 Box 6703
DPO AA 27816",001-789-502-2055x8699,victorroth@richardson-brown.com,2025-11-30,9999-12-31,true,2025-11-30
1001,Michelle Mcbride,"0613 Sanders Islands Suite 871
Catherineport, MN 20654",(220)633-2698x716,millergabriella@greene.com,2025-11-30,9999-12-31,true,2025-11-30
1002,Caleb Carter,"USNS Young
FPO AP 70550",(838)696-0925x780,wardjennifer@hotmail.com,2025-11-30,9999-12-31,true,2025-11-30
1006,Jennifer Adams,"27070 Young Views Apt. 973
Russellside, TX 46865",(860)022-1416,todd23@hotmail.com,2025-11-30,9999-12-31,true,2025-11-30
1008,Cameron Patrick,"76801 Ruiz Roads
Lisaview, ND 46964",527.433.0454x28798,kathy09@gmail.com,2025-11-30,9999-12-31,true,2025-11-30
1009,Brian Klein,"3691 Hall Greens
East Jenniferburgh, MA 37230",089.818.6903x976,klambert@gmail.com,2025-11-30,9999-12-31,true,2025-11-30
1012,James Wood,"27108 Valenzuela Track
Mclaughlinbury, CA 55514",(238)466-5589x423,paguilar@gmail.com,2025-11-30,9999-12-31,true,2025-11-30
1013,Jeffrey Reid,"45623 Carter Road Apt. 269
Port Brooke, ND 58705",(975)717-8886,williamwilson@franklin.net,2025-11-30,9999-12-31,true,2025-11-30
1014,Stephanie Perez,"7888 Lee Station
Raymondville, NC 92293",896-664-7563x040,curtis83@williams.com,2025-11-30,9999-12-31,true,2025-11-30
1015,Lisa Strickland,"USNS Mullins
FPO AA 32432",(341)883-0965x098,kathyharris@booker-garcia.com,2025-11-30,9999-12-31,true,2025-11-30
1017,Emily Stark,"779 John Union
Port Daniel, KY 36281",(948)584-0349x382,nicole17@yahoo.com,2025-11-30,9999-12-31,true,2025-11-30
1019,Zachary Ramos,"99482 Donald Viaduct Suite 025
East Michelle, NC 73134",584.260.9761x6212,cheyennebrown@nelson-whitehead.com,2025-11-30,9999-12-31,true,2025-11-30
1021,Christopher Jones,"974 Warren Oval Suite 758
East Alexandra, MD 97793",106.449.4907x68325,khernandez@little.info,2025-11-30,9999-12-31,true,2025-11-30
1022,Brenda Simpson,"0274 Simmons Views
North Kyle, RI 73851",404.284.9665,johnsamy@simpson.com,2025-11-30,9999-12-31,true,2025-11-30
1023,Krista Wright DDS,"4032 Gabriella Plains Apt. 331
Jennifertown, CO 56996",+1-486-643-0471x5433,beth04@hart-green.info,2025-11-30,9999-12-31,true,2025-11-30
1007,Robert Johnson,"574 Patel Drive Apt. 043
Jonesville, TX 54199",001-927-927-7643x34711,danielbrown@west.com,2025-11-29,9999-12-31,true,2025-11-29
1093,Eric Glenn,"2560 Christian Junctions
North Shane, CA 88681",001-944-838-5681,tarabradley@jones.com,2025-11-29,9999-12-31,true,2025-11-29
1081,Scott Jones,"591 Richard Lodge Suite 568
New John, HI 87997",239.669.1888x6136,nicolefisher@miller.com,2025-11-29,9999-12-31,true,2025-11-29
1036,Kimberly Garza,"USNS Reilly
FPO AP 52950",8095911248,sdavis@gmail.com,2025-11-29,9999-12-31,true,2025-11-29
1022,Thomas Mathis,"2386 Parker Mountain
East Sharonmouth, IL 15940",+1-871-965-0054,jennifer65@gmail.com,2025-11-29,9999-12-31,true,2025-11-29
1062,Steven Steele,"6203 Smith Forest
Lake Crystalchester, CA 67075",(253)242-6269x1355,johnsonannette@wallace-griffith.com,2025-11-29,9999-12-31,true,2025-11-29
1021,Nicholas Anderson,"578 Hill Village Suite 210
Evansbury, UT 95568",008-256-3946,mavery@baker-ayala.com,2025-11-29,9999-12-31,true,2025-11-29
1037,Richard Owens,"2941 Nicole Extensions
Jeffreyport, OH 42853",001-874-094-3134x8557,jfields@stone.com,2025-11-29,9999-12-31,true,2025-11-29
1047,Nina Weeks,"4250 Burns Forges Suite 922
West Christopher, SC 88814",574-638-3211x5713,ohowell@berry.com,2025-11-29,9999-12-31,true,2025-11-29
1099,Steven Mathews,"4536 Michele Village Suite 277
North Tracy, NV 18979",522-742-2881x05998,thomaserica@yahoo.com,2025-11-29,9999-12-31,true,2025-11-29
1049,Heather Reyes,"6640 Lopez Bridge Suite 704
South Craig, DC 35590",207-774-3705x056,scottphillips@walker-fowler.info,2025-11-29,9999-12-31,true,2025-11-29
1033,Jennifer Keith,"8910 Lisa Fields Suite 988
South Kevinside, KY 08054",(601)739-7151,jasmine96@williams.biz,2025-11-29,9999-12-31,true,2025-11-29
1006,Kathleen Thompson,"8405 Rodriguez Viaduct Apt. 520
Carterton, IL 81631",(102)681-5777x90986,klevy@williamson.com,2025-11-29,9999-12-31,true,2025-11-29
1057,Lori Martinez,"67540 Katherine Passage
East Patrickhaven, MD 99928",001-527-829-8855x641,daniellelin@mills-garcia.com,2025-11-29,9999-12-31,true,2025-11-29
1042,Donna Miller,"52347 Hunt Path
New Dwayne, DE 13255",+1-060-502-5300x788,shannonhayden@garcia-wolf.com,2025-11-29,9999-12-31,true,2025-11-29
1078,Robert Smith,"0842 White Rapid Apt. 888
Melodyburgh, WA 23182",480-845-2524x4108,gregorysparks@gmail.com,2025-11-29,9999-12-31,true,2025-11-29
1008,Jason Gray,"470 Lynch Estates
Warrenstad, NV 41388",001-369-292-9008,evaughn@hotmail.com,2025-11-29,9999-12-31,true,2025-11-29
1038,Eric Mathews,"818 David Mountains
Wolfton, RI 26711",223-941-9820x180,james57@hotmail.com,2025-11-29,9999-12-31,true,2025-11-29
1089,Donna Morris,"83829 Michele Pike Apt. 088
Melissastad, CA 34903",+1-880-767-9115x68614,ldouglas@roach-chavez.com,2025-11-29,9999-12-31,true,2025-11-29
1030,Deborah Mueller,"3311 Roberts Glens
Port Daltonmouth, ND 33114",(894)453-2442,chelseaellis@luna.org,2025-11-29,9999-12-31,true,2025-11-29
1066,Vincent Nelson,"USS Henderson
FPO AP 87389",262.176.4956x738,dustin59@hotmail.com,2025-11-29,9999-12-31,true,2025-11-29
1086,Anthony Ford,"0148 Lowery Estate Apt. 377
Lake Cindy, NC 32001",879-248-0686x56916,justinbailey@perez-smith.biz,2025-11-29,9999-12-31,true,2025-11-29
1053,Nicholas Butler,"96161 Mark Creek Apt. 574
New Moniqueshire, OK 35904",130-645-0302x66302,hfrank@pope-rose.com,2025-11-29,9999-12-31,true,2025-11-29
1060,Denise Parker,"26328 Hector Orchard Suite 735
New Charlesfurt, ME 57730",1577292803,carolgarrison@cobb.org,2025-11-29,9999-12-31,true,2025-11-29
1056,Thomas Fleming,"64049 Megan Mews Suite 377
East Dianamouth, CT 09338",113.716.4320,watsonstacey@hotmail.com,2025-11-29,9999-12-31,true,2025-11-29
1097,Gabriel Decker,"Unit 4050 Box 7535
DPO AE 13098",403.820.8864x0672,nguyenjennifer@peterson-mitchell.net,2025-11-29,9999-12-31,true,2025-11-29
1088,Cole Rubio,"36623 Ramsey Mountains Apt. 234
South Carriemouth, WY 23697",8188179800,valenciaandrew@long.net,2025-11-29,9999-12-31,true,2025-11-29
1048,Harold Vasquez,"6743 Cooper Ports Apt. 432
Smithton, WI 94915",001-258-362-6706x48787,sarahharris@gmail.com,2025-11-29,9999-12-31,true,2025-11-29
1054,Jose Abbott,"506 Courtney Canyon Apt. 598
Devinmouth, DE 52302",278.414.2902x1796,charleshughes@gmail.com,2025-11-29,9999-12-31,true,2025-11-29
1069,Andrew Collins,"37675 Spencer Alley
Chadmouth, TN 22521",765.885.9782x98684,daniel62@fields.info,2025-11-29,9999-12-31,true,2025-11-29
1090,Mark Wong,"3642 Joshua Corner Apt. 327
South Chadstad, MO 95945",776-238-1119x1824,angela00@yahoo.com,2025-11-29,9999-12-31,true,2025-11-29
1077,Cheryl Edwards,"95025 Martinez Drives
Port Tammyberg, OR 82927",660.870.4838x29938,zwallace@gmail.com,2025-11-29,9999-12-31,true,2025-11-29
1026,Courtney Myers,"92730 Mccoy Ville Apt. 813
West Walterburgh, KY 26690",001-256-984-5119,qbarrett@yahoo.com,2025-11-29,9999-12-31,true,2025-11-29
1074,David Bryant,"191 Kelly Terrace Apt. 686
Taylorville, NY 06351",001-430-265-0785x245,mwilkinson@johnson.net,2025-11-29,9999-12-31,true,2025-11-29
1039,Michael Todd,"2620 Tyler Mill Suite 442
Thompsonhaven, NY 60834",153.085.8257x513,heatherreese@diaz-greene.org,2025-11-29,9999-12-31,true,2025-11-29
1015,John Allison,"165 Jasmine Square
Weaverbury, GA 77553",001-415-337-2883x8689,johnmoore@hotmail.com,2025-11-29,9999-12-31,true,2025-11-29
1013,Willie Smith,"16468 Williams Ports
Lake Tylerfurt, IA 97660",(469)888-4572x704,barrylee@gmail.com,2025-11-29,9999-12-31,true,2025-11-29
1017,Pamela Perkins,"5651 Pearson Trail Suite 285
Lake Tyler, NJ 06477",001-477-494-9842x168,vasquezchristina@peters.net,2025-11-29,9999-12-31,true,2025-11-29
1083,Sean Norman,"843 Martin Shoal
Lake Andreaville, TN 85585",001-470-296-8420x0655,ksnow@richardson.biz,2025-11-29,9999-12-31,true,2025-11-29
1023,Natalie Pennington,"4969 Lewis Port
Port Catherineview, MN 78390",(195)327-1676,ramosnatalie@stout-moses.net,2025-11-29,9999-12-31,true,2025-11-29
1050,Suzanne Nelson,"58493 Colin Stream Apt. 787
Port Laurieburgh, FL 26451",+1-800-386-9692x065,jasonthomas@gray.com,2025-11-29,9999-12-31,true,2025-11-29
1005,Lisa Wilson,"324 Smith Springs
Lake Kathleen, MI 46779",001-398-400-0662x13884,plynn@singh.com,2025-11-29,9999-12-31,true,2025-11-29
1035,Peter Lopez,"202 Macdonald Mountain Suite 452
North Ashleyhaven, IN 48938",(283)270-6720,carpenterdylan@bates-roberts.org,2025-11-29,9999-12-31,true,2025-11-29
1095,Melissa Jackson,"00726 Sean Mountain Suite 299
East Juan, WV 15026",(228)445-6060x3013,jennifergaines@ray.com,2025-11-29,9999-12-31,true,2025-11-29
1079,Ruben Parrish,"02681 Jones Harbors
South Kristina, LA 87175",252.977.2962,cbrowning@english.biz,2025-11-29,9999-12-31,true,2025-11-29
1098,Sarah Alexander,"1811 Lisa Lake
Christopherstad, NC 00601",4675134336,zwest@boyd-torres.com,2025-11-29,9999-12-31,true,2025-11-29
1003,Marissa Blair,"370 Rodriguez Station Suite 432
Jenkinsmouth, NY 12919",+1-009-154-3329x478,dschwartz@gmail.com,2025-11-29,9999-12-31,true,2025-11-29
1064,Brandon Merritt,"2491 Jason Fields
West Michaelbury, DC 20290",854-351-7495x6687,sean50@yahoo.com,2025-11-29,9999-12-31,true,2025-11-29
1085,Candace Smith,"327 James Lakes Suite 476
West Kyle, IL 49672",(076)686-6167x055,cassidymiller@stewart.com,2025-11-29,9999-12-31,true,2025-11-29
1014,John Peterson,"25762 Jill Key
Leslieport, IL 26675",+1-629-094-4637,gjoseph@jennings.com,2025-11-29,9999-12-31,true,2025-11-29
1019,Paul Jones,"7793 White Plains Apt. 667
Smithfort, MD 39017",7012178815,darren45@morales-roberts.com,2025-11-29,9999-12-31,true,2025-11-29
1002,Belinda Walsh,"811 Daniel Crescent
Vaughnland, DE 12902",(124)398-7985x7797,theresa38@murphy.com,2025-11-29,9999-12-31,true,2025-11-29
1096,Jodi Brown,"86107 Tyler Plains Apt. 190
New Benjaminburgh, WI 37527",001-710-270-0166x23248,clayton58@morris-estrada.com,2025-11-29,9999-12-31,true,2025-11-29
1012,Jason Bowman,"07748 Wiggins Park
Hallport, MD 39640",696.318.3009x3705,tcooke@yahoo.com,2025-11-29,9999-12-31,true,2025-11-29
1067,Thomas Bautista,"454 Nathan Skyway
West Matthew, MN 39102",(549)528-0623x24086,vtrujillo@randall.com,2025-11-29,9999-12-31,true,2025-11-29
1001,Elizabeth Olson,"05736 Trevor Ville Suite 638
Robertton, OR 38207",260.694.4065x215,tammy97@cobb-clarke.com,2025-11-29,9999-12-31,true,2025-11-29
1020,Madison Burns,"51141 Hart Locks Suite 297
Erinmouth, WY 80641",(076)048-2458,xdoyle@peck-salas.biz,2025-11-29,9999-12-31,true,2025-11-29
1043,Jennifer Berry,"049 Ford Radial
Port Jimmy, MO 06619",001-155-136-4225x03698,amanda86@reese-alvarado.com,2025-11-29,9999-12-31,true,2025-11-29
1087,Laura Gaines,"PSC 1657, Box 0716
APO AA 53357",220.591.8219,linda44@gmail.com,2025-11-29,9999-12-31,true,2025-11-29
1009,Bridget Morris,"2915 Theresa Lakes Suite 127
Rachelberg, NY 70405",(362)855-0710x194,fharris@gmail.com,2025-11-29,9999-12-31,true,2025-11-29
1070,Alexander Franklin,"66072 Mosley Rapids Suite 380
South Adrienneburgh, UT 96769",309.907.9642,pbenson@cruz.net,2025-11-29,9999-12-31,true,2025-11-29
1058,Rachel Ward,"04357 Joseph Rapids
Lake Jamesbury, KY 79474",+1-252-289-2233x5717,zlong@hotmail.com,2025-11-29,9999-12-31,true,2025-11-29
1059,Alicia Saunders,"462 Michael Glen
Josephberg, DC 93372",907-146-7133,jessewatson@hotmail.com,2025-11-29,9999-12-31,true,2025-11-29
1065,Alyssa Cruz,"797 Rachel Vista
Robertborough, NV 89566",162.434.5015x916,dnavarro@ford-bell.com,2025-11-29,9999-12-31,true,2025-11-29
