customer_sk,customer_id,customer_name,customer_address,email,valid_from,valid_to,is_current
37,1101,Daniel Nichols,"5543 Green Via Apt. 254
West Arthur, NV 37882",martinkatherine@yahoo.com,2025-11-30,9999-12-31,true
38,1102,Brandon Cunningham,"76645 Pittman Village
Jonesland, IL 18027",smithcolleen@lester.info,2025-11-30,9999-12-31,true
39,1103,Joshua Lester,"55425 Amber Village
West Sarah, AL 67890",scottalexander@gmail.com,2025-11-30,9999-12-31,true
40,1104,Ray Garcia,"6459 Michelle Knolls
West Tara, NJ 71178",yhouse@yahoo.com,2025-11-30,9999-12-31,true
41,1105,Christopher Garrett,"PSC 4301, Box 9100
APO AP 99350",floresnicholas@stafford.com,2025-11-30,9999-12-31,true
42,1106,Stephanie Wang,"3123 Crystal Club Apt. 586
Rachelside, ID 57822",todd34@gmail.com,2025-11-30,9999-12-31,true
43,1107,Eric Fisher,"2786 Judith Gateway Suite 725
Jameshaven, WA 74766",vward@hotmail.com,2025-11-30,9999-12-31,true
44,1108,Earl Walker,"Unit 5236 Box 0869
DPO AA 25371",jamiebradley@best-cole.com,2025-11-30,9999-12-31,true
45,1110,Brenda Best,"734 Ronald Flat
Port Scott, NV 84093",colerogers@hotmail.com,2025-11-30,9999-12-31,true
46,1112,Christina Reed,"7329 Stevenson Dale
Cobbfurt, UT 54886",juliagray@hotmail.com,2025-11-30,9999-12-31,true
47,1113,Jennifer Thomas,"2433 David Freeway
Thomasland, DE 81787",smithcrystal@molina-graham.com,2025-11-30,9999-12-31,true
48,1114,Russell Cole,"32632 Parker Square Apt. 043
New Danielfort, NY 92606",sryan@day.com,2025-11-30,9999-12-31,true
49,1116,Riley Knox,"PSC 3733, Box 4565
APO AP 45908",michelleibarra@gmail.com,2025-11-30,9999-12-31,true
50,1117,Jeremiah Gomez,"89496 Oneill Station
Catherinechester, MD 97910",curryjames@rosales.com,2025-11-30,9999-12-31,true
51,1118,Mary Morse,"111 Thomas Hill Apt. 374
Patriciafort, GA 64630",melaniewillis@hotmail.com,2025-11-30,9999-12-31,true
52,1121,Jacob Davis,"81113 Karen Lakes
Chelseaborough, RI 21193",lreyes@brandt.biz,2025-11-30,9999-12-31,true
53,1122,Sharon Fitzgerald,"55564 Thomas Harbors
Williamfurt, MN 54496",evanspamela@hall.biz,2025-11-30,9999-12-31,true
54,1124,John Jenkins,"9106 Phillips Pike Suite 489
North Jesseberg, ME 35108",ywilliams@reyes.com,2025-11-30,9999-12-31,true
55,1125,Caitlin Walker,"25730 Jordan Glens
Natashaburgh, TX 14127",marksimpson@yahoo.com,2025-11-30,9999-12-31,true
56,1128,Sheila Smith,"832 Moore Causeway Apt. 295
Petersonport, NE 70527",glassgabrielle@shaffer.net,2025-11-30,9999-12-31,true
57,1131,Jonathon Garcia,"852 Cohen Knolls
Baileyberg, FL 50623",durannicholas@cruz.com,2025-11-30,9999-12-31,true
58,1132,Jason Johnson,"0822 Hayes Run Apt. 230
Johnberg, OK 59668",wkhan@hotmail.com,2025-11-30,9999-12-31,true
59,1133,Alexis Andersen,"835 Baldwin Hill
Williamview, MS 81351",sharismith@potter-martinez.org,2025-11-30,9999-12-31,true
60,1135,Laura Garcia,"Unit 7049 Box 6746
DPO AE 57337",heatherjones@fisher-simpson.com,2025-11-30,9999-12-31,true
61,1136,Paula Wallace,"7685 Stephenson Wells
Rogersfort, WA 25907",michael51@hotmail.com,2025-11-30,9999-12-31,true
62,1137,Melissa Williams,"092 Michael Camp Apt. 547
New Jonathanmouth, OK 25320",umiller@church.com,2025-11-30,9999-12-31,true
63,1138,Mr. Nicholas Rhodes,"8514 Jeremiah Plaza
Terrybury, CT 21986",susanbailey@yahoo.com,2025-11-30,9999-12-31,true
64,1139,Monique Jones,"065 Heather Route
West Andreafort, CA 50012",christopherrodriguez@ferguson.com,2025-11-30,9999-12-31,true
65,1140,Bryan Lowe,"8557 Pamela Squares
South Michaeltown, MT 09574",jonesrachael@obrien-george.com,2025-11-30,9999-12-31,true
66,1141,Charles Jimenez,"283 Fitzpatrick Shoals
South Tina, OH 10782",rscott@yahoo.com,2025-11-30,9999-12-31,true
67,1142,Jose Thompson,"Unit 7648 Box 9504
DPO AP 14164",aaronbaldwin@hensley-vargas.com,2025-11-30,9999-12-31,true
68,1143,Thomas Trevino,"8984 Jones Well Apt. 442
Davisland, CA 21129",mistymckenzie@ingram.com,2025-11-30,9999-12-31,true
69,1144,Tamara Mckee,"07920 Robert Road Suite 591
East Robynstad, CA 09005",dgibson@hotmail.com,2025-11-30,9999-12-31,true
70,1145,Phillip Johnson,"7182 William Summit
Fordbury, AR 60752",david13@gmail.com,2025-11-30,9999-12-31,true
71,1146,Austin Miller,"069 Karen Roads Apt. 535
South David, MA 33754",zcarney@yahoo.com,2025-11-30,9999-12-31,true
72,1148,Susan Flores,"11958 Monique Radial
Gregoryton, NH 84504",bernardgregory@howell.com,2025-11-30,9999-12-31,true
73,1149,Terri Aguilar,"Unit 6245 Box 6703
DPO AA 27816",victorroth@richardson-brown.com,2025-11-30,9999-12-31,true
88,1007,Robert Johnson,"574 Patel Drive Apt. 043
Jonesville, TX 54199",danielbrown@west.com,2025-11-29,9999-12-31,true
89,1093,Eric Glenn,"2560 Christian Junctions
North Shane, CA 88681",tarabradley@jones.com,2025-11-29,9999-12-31,true
24,1081,Lindsay Wilson,"797 Lisa River Suite 866
West Carolbury, KS 44892",christine79@taylor.net,2025-11-30,2025-11-29,false
4,1036,Rebecca Johnson,"674 Bishop Mission
Suzannebury, NY 90306",carol33@holt-higgins.info,2025-11-30,2025-11-29,false
86,1022,Brenda Simpson,"0274 Simmons Views
North Kyle, RI 73851",johnsamy@simpson.com,2025-11-30,2025-11-29,false
16,1062,Jack Wood,"PSC 4226, Box 5476
APO AA 60249",daniel35@griffin-adams.info,2025-11-30,2025-11-29,false
85,1021,Christopher Jones,"974 Warren Oval Suite 758
East Alexandra, MD 97793",khernandez@little.info,2025-11-30,2025-11-29,false
5,1037,Lisa Hill,"6720 Brittany Streets
Lake Sabrinaview, IN 22990",cory15@hotmail.com,2025-11-30,2025-11-29,false
8,1047,Edward Stone,"31740 Martinez Trace
Jonesview, NC 49949",zwhite@hotmail.com,2025-11-30,2025-11-29,false
36,1099,James Welch,"USNS Rhodes
FPO AE 19915",amanda62@yahoo.com,2025-11-30,2025-11-29,false
90,1049,Heather Reyes,"6640 Lopez Bridge Suite 704
South Craig, DC 35590",scottphillips@walker-fowler.info,2025-11-29,9999-12-31,true
91,1033,Jennifer Keith,"8910 Lisa Fields Suite 988
South Kevinside, KY 08054",jasmine96@williams.biz,2025-11-29,9999-12-31,true
76,1006,Jennifer Adams,"27070 Young Views Apt. 973
Russellside, TX 46865",todd23@hotmail.com,2025-11-30,2025-11-29,false
14,1057,Scott Mason,"108 Angela Via Suite 828
North Thomas, AZ 36777",debra31@carter.com,2025-11-30,2025-11-29,false
92,1042,Donna Miller,"52347 Hunt Path
New Dwayne, DE 13255",shannonhayden@garcia-wolf.com,2025-11-29,9999-12-31,true
93,1078,Robert Smith,"0842 White Rapid Apt. 888
Melodyburgh, WA 23182",gregorysparks@gmail.com,2025-11-29,9999-12-31,true
77,1008,Cameron Patrick,"76801 Ruiz Roads
Lisaview, ND 46964",kathy09@gmail.com,2025-11-30,2025-11-29,false
6,1038,Aaron Cooper,"37842 Haynes Isle Suite 421
South Marisa, PA 75690",crystal91@henderson-lane.net,2025-11-30,2025-11-29,false
30,1089,Brandon Macias,"602 Jennifer Village Apt. 297
Bassberg, OH 66020",xmartinez@yahoo.com,2025-11-30,2025-11-29,false
2,1030,David Odonnell,"USNV Simmons
FPO AE 08244",kathleen41@hotmail.com,2025-11-30,2025-11-29,false
19,1066,Adam Adams,"USS Hall
FPO AE 84729",hdaniel@yahoo.com,2025-11-30,2025-11-29,false
27,1086,Aaron Mcdowell,"46192 Patrick Well Suite 484
Nicholasberg, MD 44026",stephen36@brown.com,2025-11-30,2025-11-29,false
11,1053,Robert Pratt,"9189 Christine Divide
Port Edward, OH 51538",anthony28@hotmail.com,2025-11-30,2025-11-29,false
94,1060,Denise Parker,"26328 Hector Orchard Suite 735
New Charlesfurt, ME 57730",carolgarrison@cobb.org,2025-11-29,9999-12-31,true
13,1056,Courtney Gomez,"3891 Mcdonald Grove Apt. 869
Lake Latoyabury, NJ 14390",markgreen@mitchell.com,2025-11-30,2025-11-29,false
34,1097,Carrie Levy,"53894 Lauren Vista
Natalieside, TN 57176",michaelcollier@odonnell.org,2025-11-30,2025-11-29,false
29,1088,Cynthia Williams,"870 Keith Plaza Apt. 880
Port Dianaland, AK 54229",elizabethlynch@brown.info,2025-11-30,2025-11-29,false
9,1048,James Myers,"78527 Kelly Corner
Powellbury, FL 03544",vyoder@wiley-jones.com,2025-11-30,2025-11-29,false
12,1054,Ronald Sharp,"027 King Forest
East Megan, WV 86035",christophergarcia@yahoo.com,2025-11-30,2025-11-29,false
95,1069,Andrew Collins,"37675 Spencer Alley
Chadmouth, TN 22521",daniel62@fields.info,2025-11-29,9999-12-31,true
31,1090,Johnathan Meyer,"006 Sarah Village
Norrisside, ID 58412",ihowe@frederick.info,2025-11-30,2025-11-29,false
23,1077,Dr. Amanda Cochran,"USNS Cunningham
FPO AE 51113",williamskathleen@ramirez-alexander.com,2025-11-30,2025-11-29,false
1,1026,Lori Odom,"66894 Pamela Ridge Apt. 701
Wilsonport, NV 55859",santanachristopher@wilson-bailey.com,2025-11-30,2025-11-29,false
22,1074,Steven Williams,"USCGC Barton
FPO AP 04123",michaelmiles@joseph.info,2025-11-30,2025-11-29,false
7,1039,Betty Andrews,"Unit 9441 Box 7301
DPO AA 92892",avilacody@yahoo.com,2025-11-30,2025-11-29,false
82,1015,Lisa Strickland,"USNS Mullins
FPO AA 32432",kathyharris@booker-garcia.com,2025-11-30,2025-11-29,false
80,1013,Jeffrey Reid,"45623 Carter Road Apt. 269
Port Brooke, ND 58705",williamwilson@franklin.net,2025-11-30,2025-11-29,false
83,1017,Emily Stark,"779 John Union
Port Daniel, KY 36281",nicole17@yahoo.com,2025-11-30,2025-11-29,false
25,1083,Jocelyn Montgomery,"140 Taylor Way
Jeremybury, CO 91712",stephaniewelch@haas.biz,2025-11-30,2025-11-29,false
87,1023,Krista Wright DDS,"4032 Gabriella Plains Apt. 331
Jennifertown, CO 56996",beth04@hart-green.info,2025-11-30,2025-11-29,false
10,1050,Scott Freeman,"528 John Hollow
Theresabury, SC 37328",emily78@gmail.com,2025-11-30,2025-11-29,false
96,1005,Lisa Wilson,"324 Smith Springs
Lake Kathleen, MI 46779",plynn@singh.com,2025-11-29,9999-12-31,true
3,1035,Cheryl Weaver,"3716 Cunningham Station Apt. 567
Davidborough, TX 41021",smithcatherine@yahoo.com,2025-11-30,2025-11-29,false
32,1095,Jeffrey Becker,"Unit 7106 Box 4307
DPO AP 54542",samanthaandersen@reynolds-nichols.info,2025-11-30,2025-11-29,false
97,1079,Ruben Parrish,"02681 Jones Harbors
South Kristina, LA 87175",cbrowning@english.biz,2025-11-29,9999-12-31,true
35,1098,Matthew Murphy,"PSC 5614, Box 1870
APO AP 94866",greermichael@yahoo.com,2025-11-30,2025-11-29,false
98,1003,Marissa Blair,"370 Rodriguez Station Suite 432
Jenkinsmouth, NY 12919",dschwartz@gmail.com,2025-11-29,9999-12-31,true
17,1064,Chelsea Clark,"671 Frazier Stravenue
Jamesborough, MA 35967",marshallstephanie@gmail.com,2025-11-30,2025-11-29,false
26,1085,Alvin Walsh,"4112 Spears Centers
Robertton, AL 68222",wcampbell@gmail.com,2025-11-30,2025-11-29,false
81,1014,Stephanie Perez,"7888 Lee Station
Raymondville, NC 92293",curtis83@williams.com,2025-11-30,2025-11-29,false
84,1019,Zachary Ramos,"99482 Donald Viaduct Suite 025
East Michelle, NC 73134",cheyennebrown@nelson-whitehead.com,2025-11-30,2025-11-29,false
75,1002,Caleb Carter,"USNS Young
FPO AP 70550",wardjennifer@hotmail.com,2025-11-30,2025-11-29,false
33,1096,Holly Medina,"2648 Jackson Lakes Suite 767
Aliciahaven, VA 52977",alanmolina@doyle.com,2025-11-30,2025-11-29,false
79,1012,James Wood,"27108 Valenzuela Track
Mclaughlinbury, CA 55514",paguilar@gmail.com,2025-11-30,2025-11-29,false
20,1067,Tony Vincent,"30698 Carol Square Apt. 356
Baileyberg, WI 85207",scooley@white.org,2025-11-30,2025-11-29,false
74,1001,Michelle Mcbride,"0613 Sanders Islands Suite 871
Catherineport, MN 20654",millergabriella@greene.com,2025-11-30,2025-11-29,false
99,1020,Madison Burns,"51141 Hart Locks Suite 297
Erinmouth, WY 80641",xdoyle@peck-salas.biz,2025-11-29,9999-12-31,true
100,1043,Jennifer Berry,"049 Ford Radial
Port Jimmy, MO 06619",amanda86@reese-alvarado.com,2025-11-29,9999-12-31,true
28,1087,Justin Rowe,"5753 Brian Way
Pattystad, OK 45929",robert67@yahoo.com,2025-11-30,2025-11-29,false
78,1009,Brian Klein,"3691 Hall Greens
East Jenniferburgh, MA 37230",klambert@gmail.com,2025-11-30,2025-11-29,false
21,1070,Jacob Harris,"156 Barbara Isle
Port Sergio, OK 76030",danielleweber@gmail.com,2025-11-30,2025-11-29,false
15,1058,Jorge Ortega,"USCGC Burns
FPO AA 09606",michelleglass@gmail.com,2025-11-30,2025-11-29,false
101,1059,Alicia Saunders,"462 Michael Glen
Josephberg, DC 93372",jessewatson@hotmail.com,2025-11-29,9999-12-31,true
18,1065,Anthony Moore,"58492 Moore Circles
North Oscarland, AK 48584",vhart@gmail.com,2025-11-30,2025-11-29,false
102,1081,Scott Jones,"591 Richard Lodge Suite 568
New John, HI 87997",nicolefisher@miller.com,2025-11-29,9999-12-31,true
103,1036,Kimberly Garza,"USNS Reilly
FPO AP 52950",sdavis@gmail.com,2025-11-29,9999-12-31,true
104,1022,Thomas Mathis,"2386 Parker Mountain
East Sharonmouth, IL 15940",jennifer65@gmail.com,2025-11-29,9999-12-31,true
105,1062,Steven Steele,"6203 Smith Forest
Lake Crystalchester, CA 67075",johnsonannette@wallace-griffith.com,2025-11-29,9999-12-31,true
106,1021,Nicholas Anderson,"578 Hill Village Suite 210
Evansbury, UT 95568",mavery@baker-ayala.com,2025-11-29,9999-12-31,true
107,1037,Richard Owens,"2941 Nicole Extensions
Jeffreyport, OH 42853",jfields@stone.com,2025-11-29,9999-12-31,true
108,1047,Nina Weeks,"4250 Burns Forges Suite 922
West Christopher, SC 88814",ohowell@berry.com,2025-11-29,9999-12-31,true
109,1099,Steven Mathews,"4536 Michele Village Suite 277
North Tracy, NV 18979",thomaserica@yahoo.com,2025-11-29,9999-12-31,true
110,1006,Kathleen Thompson,"8405 Rodriguez Viaduct Apt. 520
Carterton, IL 81631",klevy@williamson.com,2025-11-29,9999-12-31,true
111,1057,Lori Martinez,"67540 Katherine Passage
East Patrickhaven, MD 99928",daniellelin@mills-garcia.com,2025-11-29,9999-12-31,true
112,1008,Jason Gray,"470 Lynch Estates
Warrenstad, NV 41388",evaughn@hotmail.com,2025-11-29,9999-12-31,true
113,1038,Eric Mathews,"818 David Mountains
Wolfton, RI 26711",james57@hotmail.com,2025-11-29,9999-12-31,true
114,1089,Donna Morris,"83829 Michele Pike Apt. 088
Melissastad, CA 34903",ldouglas@roach-chavez.com,2025-11-29,9999-12-31,true
115,1030,Deborah Mueller,"3311 Roberts Glens
Port Daltonmouth, ND 33114",chelseaellis@luna.org,2025-11-29,9999-12-31,true
116,1066,Vincent Nelson,"USS Henderson
FPO AP 87389",dustin59@hotmail.com,2025-11-29,9999-12-31,true
117,1086,Anthony Ford,"0148 Lowery Estate Apt. 377
Lake Cindy, NC 32001",justinbailey@perez-smith.biz,2025-11-29,9999-12-31,true
118,1053,Nicholas Butler,"96161 Mark Creek Apt. 574
New Moniqueshire, OK 35904",hfrank@pope-rose.com,2025-11-29,9999-12-31,true
119,1056,Thomas Fleming,"64049 Megan Mews Suite 377
East Dianamouth, CT 09338",watsonstacey@hotmail.com,2025-11-29,9999-12-31,true
120,1097,Gabriel Decker,"Unit 4050 Box 7535
DPO AE 13098",nguyenjennifer@peterson-mitchell.net,2025-11-29,9999-12-31,true
121,1088,Cole Rubio,"36623 Ramsey Mountains Apt. 234
South Carriemouth, WY 23697",valenciaandrew@long.net,2025-11-29,9999-12-31,true
122,1048,Harold Vasquez,"6743 Cooper Ports Apt. 432
Smithton, WI 94915",sarahharris@gmail.com,2025-11-29,9999-12-31,true
123,1054,Jose Abbott,"506 Courtney Canyon Apt. 598
Devinmouth, DE 52302",charleshughes@gmail.com,2025-11-29,9999-12-31,true
124,1090,Mark Wong,"3642 Joshua Corner Apt. 327
South Chadstad, MO 95945",angela00@yahoo.com,2025-11-29,9999-12-31,true
125,1077,Cheryl Edwards,"95025 Martinez Drives
Port Tammyberg, OR 82927",zwallace@gmail.com,2025-11-29,9999-12-31,true
126,1026,Courtney Myers,"92730 Mccoy Ville Apt. 813
West Walterburgh, KY 26690",qbarrett@yahoo.com,2025-11-29,9999-12-31,true
127,1074,David Bryant,"191 Kelly Terrace Apt. 686
Taylorville, NY 06351",mwilkinson@johnson.net,2025-11-29,9999-12-31,true
128,1039,Michael Todd,"2620 Tyler Mill Suite 442
Thompsonhaven, NY 60834",heatherreese@diaz-greene.org,2025-11-29,9999-12-31,true
129,1015,John Allison,"165 Jasmine Square
Weaverbury, GA 77553",johnmoore@hotmail.com,2025-11-29,9999-12-31,true
130,1013,Willie Smith,"16468 Williams Ports
Lake Tylerfurt, IA 97660",barrylee@gmail.com,2025-11-29,9999-12-31,true
131,1017,Pamela Perkins,"5651 Pearson Trail Suite 285
Lake Tyler, NJ 06477",vasquezchristina@peters.net,2025-11-29,9999-12-31,true
132,1083,Sean Norman,"843 Martin Shoal
Lake Andreaville, TN 85585",ksnow@richardson.biz,2025-11-29,9999-12-31,true
133,1023,Natalie Pennington,"4969 Lewis Port
Port Catherineview, MN 78390",ramosnatalie@stout-moses.net,2025-11-29,9999-12-31,true
134,1050,Suzanne Nelson,"58493 Colin Stream Apt. 787
Port Laurieburgh, FL 26451",jasonthomas@gray.com,2025-11-29,9999-12-31,true
135,1035,Peter Lopez,"202 Macdonald Mountain Suite 452
North Ashleyhaven, IN 48938",carpenterdylan@bates-roberts.org,2025-11-29,9999-12-31,true
136,1095,Melissa Jackson,"00726 Sean Mountain Suite 299
East Juan, WV 15026",jennifergaines@ray.com,2025-11-29,9999-12-31,true
137,1098,Sarah Alexander,"1811 Lisa Lake
Christopherstad, NC 00601",zwest@boyd-torres.com,2025-11-29,9999-12-31,true
138,1064,Brandon Merritt,"2491 Jason Fields
West Michaelbury, DC 20290",sean50@yahoo.com,2025-11-29,9999-12-31,true
139,1085,Candace Smith,"327 James Lakes Suite 476
West Kyle, IL 49672",cassidymiller@stewart.com,2025-11-29,9999-12-31,true
140,1014,John Peterson,"25762 Jill Key
Leslieport, IL 26675",gjoseph@jennings.com,2025-11-29,9999-12-31,true
141,1019,Paul Jones,"7793 White Plains Apt. 667
Smithfort, MD 39017",darren45@morales-roberts.com,2025-11-29,9999-12-31,true
142,1002,Belinda Walsh,"811 Daniel Crescent
Vaughnland, DE 12902",theresa38@murphy.com,2025-11-29,9999-12-31,true
143,1096,Jodi Brown,"86107 Tyler Plains Apt. 190
New Benjaminburgh, WI 37527",clayton58@morris-estrada.com,2025-11-29,9999-12-31,true
144,1012,Jason Bowman,"07748 Wiggins Park
Hallport, MD 39640",tcooke@yahoo.com,2025-11-29,9999-12-31,true
145,1067,Thomas Bautista,"454 Nathan Skyway
West Matthew, MN 39102",vtrujillo@randall.com,2025-11-29,9999-12-31,true
146,1001,Elizabeth Olson,"05736 Trevor Ville Suite 638
Robertton, OR 38207",tammy97@cobb-clarke.com,2025-11-29,9999-12-31,true
147,1087,Laura Gaines,"PSC 1657, Box 0716
APO AA 53357",linda44@gmail.com,2025-11-29,9999-12-31,true
148,1009,Bridget Morris,"2915 Theresa Lakes Suite 127
Rachelberg, NY 70405",fharris@gmail.com,2025-11-29,9999-12-31,true
149,1070,Alexander Franklin,"66072 Mosley Rapids Suite 380
South Adrienneburgh, UT 96769",pbenson@cruz.net,2025-11-29,9999-12-31,true
150,1058,Rachel Ward,"04357 Joseph Rapids
Lake Jamesbury, KY 79474",zlong@hotmail.com,2025-11-29,9999-12-31,true
151,1065,Alyssa Cruz,"797 Rachel Vista
Robertborough, NV 89566",dnavarro@ford-bell.com,2025-11-29,9999-12-31,true
