business_date,dataset,check_name,status,constraint,message,recorded_at,check,check_status,constraint_status,constraint_message
2025-11-29,customer_inc,null,null,SizeConstraint(Size(None)),null,2025-12-01T02:00:07.293Z,Customer Data Check,Success,Success,
2025-11-29,customer_inc,null,null,"CompletenessConstraint(Completeness(customer_name,None,None))",null,2025-12-01T02:00:07.293Z,Customer Data Check,Success,Success,
2025-11-29,customer_inc,null,null,"CompletenessConstraint(Completeness(customer_address,None,None))",null,2025-12-01T02:00:07.293Z,Customer Data Check,Success,Success,
2025-11-29,customer_inc,null,null,"CompletenessConstraint(Completeness(email,None,None))",null,2025-12-01T02:00:07.293Z,Customer Data Check,Success,Success,
2025-11-29,booking_inc,null,null,SizeConstraint(Size(None)),null,2025-12-01T02:00:19.696Z,Booking Data Check,Success,Success,
2025-11-29,booking_inc,null,null,"CompletenessConstraint(Completeness(customer_id,None,None))",null,2025-12-01T02:00:19.696Z,Booking Data Check,Success,Success,
2025-11-29,booking_inc,null,null,"CompletenessConstraint(Completeness(amount,None,None))",null,2025-12-01T02:00:19.696Z,Booking Data Check,Success,Success,
2025-11-29,booking_inc,null,null,"ComplianceConstraint(Compliance(amount is non-negative,COALESCE(CAST(amount AS DECIMAL(20,10)), 0.0) >= 0,None,List(amount),None))",null,2025-12-01T02:00:19.696Z,Booking Data Check,Success,Success,
2025-11-29,booking_inc,null,null,"ComplianceConstraint(Compliance(quantity is non-negative,COALESCE(CAST(quantity AS DECIMAL(20,10)), 0.0) >= 0,None,List(quantity),None))",null,2025-12-01T02:00:19.696Z,Booking Data Check,Success,Success,
2025-11-29,booking_inc,null,null,"ComplianceConstraint(Compliance(discount is non-negative,COALESCE(CAST(discount AS DECIMAL(20,10)), 0.0) >= 0,None,List(discount),None))",null,2025-12-01T02:00:19.696Z,Booking Data Check,Success,Success,
2025-11-30,booking_inc,null,null,SizeConstraint(Size(None)),null,2025-12-01T01:18:57.060Z,Booking Data Check,Success,Success,
2025-11-30,booking_inc,null,null,"CompletenessConstraint(Completeness(customer_id,None,None))",null,2025-12-01T01:18:57.060Z,Booking Data Check,Success,Success,
2025-11-30,booking_inc,null,null,"CompletenessConstraint(Completeness(amount,None,None))",null,2025-12-01T01:18:57.060Z,Booking Data Check,Success,Success,
2025-11-30,booking_inc,null,null,"ComplianceConstraint(Compliance(amount is non-negative,COALESCE(CAST(amount AS DECIMAL(20,10)), 0.0) >= 0,None,List(amount),None))",null,2025-12-01T01:18:57.060Z,Booking Data Check,Success,Success,
2025-11-30,booking_inc,null,null,"ComplianceConstraint(Compliance(quantity is non-negative,COALESCE(CAST(quantity AS DECIMAL(20,10)), 0.0) >= 0,None,List(quantity),None))",null,2025-12-01T01:18:57.060Z,Booking Data Check,Success,Success,
2025-11-30,booking_inc,null,null,"ComplianceConstraint(Compliance(discount is non-negative,COALESCE(CAST(discount AS DECIMAL(20,10)), 0.0) >= 0,None,List(discount),None))",null,2025-12-01T01:18:57.060Z,Booking Data Check,Success,Success,
2025-11-30,customer_inc,null,null,SizeConstraint(Size(None)),null,2025-12-01T01:19:54.109Z,Customer Data Check,Success,Success,
2025-11-30,customer_inc,null,null,"CompletenessConstraint(Completeness(customer_name,None,None))",null,2025-12-01T01:19:54.109Z,Customer Data Check,Success,Success,
2025-11-30,customer_inc,null,null,"CompletenessConstraint(Completeness(customer_address,None,None))",null,2025-12-01T01:19:54.109Z,Customer Data Check,Success,Success,
2025-11-30,customer_inc,null,null,"CompletenessConstraint(Completeness(email,None,None))",null,2025-12-01T01:19:54.109Z,Customer Data Check,Success,Success,
