customer_sk,customer_id,customer_name,customer_address,email,booking_type,lifetime_amount,lifetime_quantity
136,1095,Melissa Jackson,"00726 Sean Mountain Suite 299
East Juan, WV 15026",jennifergaines@ray.com,Flight,265,1
38,1102,Brandon Cunningham,"76645 Pittman Village
Jonesland, IL 18027",smithcolleen@lester.info,Hotel,1198,11
91,1033,Jennifer Keith,"8910 Lisa Fields Suite 988
South Kevinside, KY 08054",jasmine96@williams.biz,Flight,280,9
107,1037,Richard Owens,"2941 Nicole Extensions
Jeffreyport, OH 42853",jfields@stone.com,Hotel,565,3
122,1048,Harold Vasquez,"6743 Cooper Ports Apt. 432
Smithton, WI 94915",sarahharris@gmail.com,Flight,97,1
133,1023,Natalie Pennington,"4969 Lewis Port
Port Catherineview, MN 78390",ramosnatalie@stout-moses.net,Hotel,724,4
39,1103,Joshua Lester,"55425 Amber Village
West Sarah, AL 67890",scottalexander@gmail.com,Hotel,1685,8
138,1064,Brandon Merritt,"2491 Jason Fields
West Michaelbury, DC 20290",sean50@yahoo.com,Flight,866,6
56,1128,Sheila Smith,"832 Moore Causeway Apt. 295
Petersonport, NE 70527",glassgabrielle@shaffer.net,Hotel,975,12
97,1079,Ruben Parrish,"02681 Jones Harbors
South Kristina, LA 87175",cbrowning@english.biz,Hotel,551,4
112,1008,Jason Gray,"470 Lynch Estates
Warrenstad, NV 41388",evaughn@hotmail.com,Flight,480,3
119,1056,Thomas Fleming,"64049 Megan Mews Suite 377
East Dianamouth, CT 09338",watsonstacey@hotmail.com,Flight,152,5
109,1099,Steven Mathews,"4536 Michele Village Suite 277
North Tracy, NV 18979",thomaserica@yahoo.com,Hotel,246,1
113,1038,Eric Mathews,"818 David Mountains
Wolfton, RI 26711",james57@hotmail.com,Hotel,106,4
143,1096,Jodi Brown,"86107 Tyler Plains Apt. 190
New Benjaminburgh, WI 37527",clayton58@morris-estrada.com,Hotel,121,4
130,1013,Willie Smith,"16468 Williams Ports
Lake Tylerfurt, IA 97660",barrylee@gmail.com,Hotel,1693,4
61,1136,Paula Wallace,"7685 Stephenson Wells
Rogersfort, WA 25907",michael51@hotmail.com,Hotel,135,3
105,1062,Steven Steele,"6203 Smith Forest
Lake Crystalchester, CA 67075",johnsonannette@wallace-griffith.com,Flight,645,3
47,1113,Jennifer Thomas,"2433 David Freeway
Thomasland, DE 81787",smithcrystal@molina-graham.com,Flight,245,2
53,1122,Sharon Fitzgerald,"55564 Thomas Harbors
Williamfurt, MN 54496",evanspamela@hall.biz,Flight,365,1
70,1145,Phillip Johnson,"7182 William Summit
Fordbury, AR 60752",david13@gmail.com,Flight,989,2
117,1086,Anthony Ford,"0148 Lowery Estate Apt. 377
Lake Cindy, NC 32001",justinbailey@perez-smith.biz,Flight,904,2
45,1110,Brenda Best,"734 Ronald Flat
Port Scott, NV 84093",colerogers@hotmail.com,Flight,631,2
130,1013,Willie Smith,"16468 Williams Ports
Lake Tylerfurt, IA 97660",barrylee@gmail.com,Flight,775,1
149,1070,Alexander Franklin,"66072 Mosley Rapids Suite 380
South Adrienneburgh, UT 96769",pbenson@cruz.net,Flight,838,1
48,1114,Russell Cole,"32632 Parker Square Apt. 043
New Danielfort, NY 92606",sryan@day.com,Hotel,2302,9
62,1137,Melissa Williams,"092 Michael Camp Apt. 547
New Jonathanmouth, OK 25320",umiller@church.com,Hotel,1405,5
88,1007,Robert Johnson,"574 Patel Drive Apt. 043
Jonesville, TX 54199",danielbrown@west.com,Flight,1367,6
127,1074,David Bryant,"191 Kelly Terrace Apt. 686
Taylorville, NY 06351",mwilkinson@johnson.net,Hotel,567,3
140,1014,John Peterson,"25762 Jill Key
Leslieport, IL 26675",gjoseph@jennings.com,Hotel,385,3
52,1121,Jacob Davis,"81113 Karen Lakes
Chelseaborough, RI 21193",lreyes@brandt.biz,Hotel,605,4
89,1093,Eric Glenn,"2560 Christian Junctions
North Shane, CA 88681",tarabradley@jones.com,Hotel,1001,5
49,1116,Riley Knox,"PSC 3733, Box 4565
APO AP 45908",michelleibarra@gmail.com,Hotel,164,3
95,1069,Andrew Collins,"37675 Spencer Alley
Chadmouth, TN 22521",daniel62@fields.info,Flight,862,2
115,1030,Deborah Mueller,"3311 Roberts Glens
Port Daltonmouth, ND 33114",chelseaellis@luna.org,Flight,1822,7
52,1121,Jacob Davis,"81113 Karen Lakes
Chelseaborough, RI 21193",lreyes@brandt.biz,Flight,795,3
128,1039,Michael Todd,"2620 Tyler Mill Suite 442
Thompsonhaven, NY 60834",heatherreese@diaz-greene.org,Flight,1208,4
135,1035,Peter Lopez,"202 Macdonald Mountain Suite 452
North Ashleyhaven, IN 48938",carpenterdylan@bates-roberts.org,Hotel,798,1
145,1067,Thomas Bautista,"454 Nathan Skyway
West Matthew, MN 39102",vtrujillo@randall.com,Hotel,556,1
147,1087,Laura Gaines,"PSC 1657, Box 0716
APO AA 53357",linda44@gmail.com,Hotel,789,4
62,1137,Melissa Williams,"092 Michael Camp Apt. 547
New Jonathanmouth, OK 25320",umiller@church.com,Flight,1029,12
116,1066,Vincent Nelson,"USS Henderson
FPO AP 87389",dustin59@hotmail.com,Hotel,156,5
120,1097,Gabriel Decker,"Unit 4050 Box 7535
DPO AE 13098",nguyenjennifer@peterson-mitchell.net,Flight,652,1
37,1101,Daniel Nichols,"5543 Green Via Apt. 254
West Arthur, NV 37882",martinkatherine@yahoo.com,Flight,-70,3
41,1105,Christopher Garrett,"PSC 4301, Box 9100
APO AP 99350",floresnicholas@stafford.com,Hotel,305,1
104,1022,Thomas Mathis,"2386 Parker Mountain
East Sharonmouth, IL 15940",jennifer65@gmail.com,Hotel,497,8
142,1002,Belinda Walsh,"811 Daniel Crescent
Vaughnland, DE 12902",theresa38@murphy.com,Flight,518,1
42,1106,Stephanie Wang,"3123 Crystal Club Apt. 586
Rachelside, ID 57822",todd34@gmail.com,Flight,815,2
59,1133,Alexis Andersen,"835 Baldwin Hill
Williamview, MS 81351",sharismith@potter-martinez.org,Flight,786,2
60,1135,Laura Garcia,"Unit 7049 Box 6746
DPO AE 57337",heatherjones@fisher-simpson.com,Hotel,670,4
73,1149,Terri Aguilar,"Unit 6245 Box 6703
DPO AA 27816",victorroth@richardson-brown.com,Hotel,341,2
50,1117,Jeremiah Gomez,"89496 Oneill Station
Catherinechester, MD 97910",curryjames@rosales.com,Flight,612,5
96,1005,Lisa Wilson,"324 Smith Springs
Lake Kathleen, MI 46779",plynn@singh.com,Flight,109,4
151,1065,Alyssa Cruz,"797 Rachel Vista
Robertborough, NV 89566",dnavarro@ford-bell.com,Flight,58,5
71,1146,Austin Miller,"069 Karen Roads Apt. 535
South David, MA 33754",zcarney@yahoo.com,Flight,211,2
43,1107,Eric Fisher,"2786 Judith Gateway Suite 725
Jameshaven, WA 74766",vward@hotmail.com,Flight,975,4
56,1128,Sheila Smith,"832 Moore Causeway Apt. 295
Petersonport, NE 70527",glassgabrielle@shaffer.net,Flight,763,2
104,1022,Thomas Mathis,"2386 Parker Mountain
East Sharonmouth, IL 15940",jennifer65@gmail.com,Flight,13,2
125,1077,Cheryl Edwards,"95025 Martinez Drives
Port Tammyberg, OR 82927",zwallace@gmail.com,Hotel,229,5
148,1009,Bridget Morris,"2915 Theresa Lakes Suite 127
Rachelberg, NY 70405",fharris@gmail.com,Hotel,149,5
121,1088,Cole Rubio,"36623 Ramsey Mountains Apt. 234
South Carriemouth, WY 23697",valenciaandrew@long.net,Flight,57,1
50,1117,Jeremiah Gomez,"89496 Oneill Station
Catherinechester, MD 97910",curryjames@rosales.com,Hotel,184,4
59,1133,Alexis Andersen,"835 Baldwin Hill
Williamview, MS 81351",sharismith@potter-martinez.org,Hotel,912,4
66,1141,Charles Jimenez,"283 Fitzpatrick Shoals
South Tina, OH 10782",rscott@yahoo.com,Hotel,-22,2
37,1101,Daniel Nichols,"5543 Green Via Apt. 254
West Arthur, NV 37882",martinkatherine@yahoo.com,Hotel,334,5
90,1049,Heather Reyes,"6640 Lopez Bridge Suite 704
South Craig, DC 35590",scottphillips@walker-fowler.info,Hotel,962,1
92,1042,Donna Miller,"52347 Hunt Path
New Dwayne, DE 13255",shannonhayden@garcia-wolf.com,Flight,375,6
102,1081,Scott Jones,"591 Richard Lodge Suite 568
New John, HI 87997",nicolefisher@miller.com,Hotel,1302,6
131,1017,Pamela Perkins,"5651 Pearson Trail Suite 285
Lake Tyler, NJ 06477",vasquezchristina@peters.net,Flight,855,2
72,1148,Susan Flores,"11958 Monique Radial
Gregoryton, NH 84504",bernardgregory@howell.com,Hotel,1750,10
110,1006,Kathleen Thompson,"8405 Rodriguez Viaduct Apt. 520
Carterton, IL 81631",klevy@williamson.com,Flight,1264,9
61,1136,Paula Wallace,"7685 Stephenson Wells
Rogersfort, WA 25907",michael51@hotmail.com,Flight,457,2
98,1003,Marissa Blair,"370 Rodriguez Station Suite 432
Jenkinsmouth, NY 12919",dschwartz@gmail.com,Hotel,-49,5
111,1057,Lori Martinez,"67540 Katherine Passage
East Patrickhaven, MD 99928",daniellelin@mills-garcia.com,Flight,604,3
115,1030,Deborah Mueller,"3311 Roberts Glens
Port Daltonmouth, ND 33114",chelseaellis@luna.org,Hotel,593,3
94,1060,Denise Parker,"26328 Hector Orchard Suite 735
New Charlesfurt, ME 57730",carolgarrison@cobb.org,Hotel,811,8
138,1064,Brandon Merritt,"2491 Jason Fields
West Michaelbury, DC 20290",sean50@yahoo.com,Hotel,135,4
46,1112,Christina Reed,"7329 Stevenson Dale
Cobbfurt, UT 54886",juliagray@hotmail.com,Flight,230,2
69,1144,Tamara Mckee,"07920 Robert Road Suite 591
East Robynstad, CA 09005",dgibson@hotmail.com,Flight,174,3
132,1083,Sean Norman,"843 Martin Shoal
Lake Andreaville, TN 85585",ksnow@richardson.biz,Flight,829,2
64,1139,Monique Jones,"065 Heather Route
West Andreafort, CA 50012",christopherrodriguez@ferguson.com,Flight,1425,3
123,1054,Jose Abbott,"506 Courtney Canyon Apt. 598
Devinmouth, DE 52302",charleshughes@gmail.com,Hotel,492,5
134,1050,Suzanne Nelson,"58493 Colin Stream Apt. 787
Port Laurieburgh, FL 26451",jasonthomas@gray.com,Hotel,855,4
63,1138,Mr. Nicholas Rhodes,"8514 Jeremiah Plaza
Terrybury, CT 21986",susanbailey@yahoo.com,Flight,1153,8
124,1090,Mark Wong,"3642 Joshua Corner Apt. 327
South Chadstad, MO 95945",angela00@yahoo.com,Hotel,426,1
41,1105,Christopher Garrett,"PSC 4301, Box 9100
APO AP 99350",floresnicholas@stafford.com,Flight,847,1
119,1056,Thomas Fleming,"64049 Megan Mews Suite 377
East Dianamouth, CT 09338",watsonstacey@hotmail.com,Hotel,1484,11
141,1019,Paul Jones,"7793 White Plains Apt. 667
Smithfort, MD 39017",darren45@morales-roberts.com,Hotel,134,9
51,1118,Mary Morse,"111 Thomas Hill Apt. 374
Patriciafort, GA 64630",melaniewillis@hotmail.com,Flight,2000,8
99,1020,Madison Burns,"51141 Hart Locks Suite 297
Erinmouth, WY 80641",xdoyle@peck-salas.biz,Flight,362,5
114,1089,Donna Morris,"83829 Michele Pike Apt. 088
Melissastad, CA 34903",ldouglas@roach-chavez.com,Hotel,278,4
139,1085,Candace Smith,"327 James Lakes Suite 476
West Kyle, IL 49672",cassidymiller@stewart.com,Hotel,298,2
144,1012,Jason Bowman,"07748 Wiggins Park
Hallport, MD 39640",tcooke@yahoo.com,Flight,761,2
106,1021,Nicholas Anderson,"578 Hill Village Suite 210
Evansbury, UT 95568",mavery@baker-ayala.com,Flight,177,1
101,1059,Alicia Saunders,"462 Michael Glen
Josephberg, DC 93372",jessewatson@hotmail.com,Flight,386,4
63,1138,Mr. Nicholas Rhodes,"8514 Jeremiah Plaza
Terrybury, CT 21986",susanbailey@yahoo.com,Hotel,2603,11
103,1036,Kimberly Garza,"USNS Reilly
FPO AP 52950",sdavis@gmail.com,Hotel,286,3
109,1099,Steven Mathews,"4536 Michele Village Suite 277
North Tracy, NV 18979",thomaserica@yahoo.com,Flight,1863,9
44,1108,Earl Walker,"Unit 5236 Box 0869
DPO AA 25371",jamiebradley@best-cole.com,Flight,870,8
54,1124,John Jenkins,"9106 Phillips Pike Suite 489
North Jesseberg, ME 35108",ywilliams@reyes.com,Hotel,986,8
93,1078,Robert Smith,"0842 White Rapid Apt. 888
Melodyburgh, WA 23182",gregorysparks@gmail.com,Hotel,135,4
105,1062,Steven Steele,"6203 Smith Forest
Lake Crystalchester, CA 67075",johnsonannette@wallace-griffith.com,Hotel,768,4
57,1131,Jonathon Garcia,"852 Cohen Knolls
Baileyberg, FL 50623",durannicholas@cruz.com,Hotel,610,4
67,1142,Jose Thompson,"Unit 7648 Box 9504
DPO AP 14164",aaronbaldwin@hensley-vargas.com,Hotel,316,3
48,1114,Russell Cole,"32632 Parker Square Apt. 043
New Danielfort, NY 92606",sryan@day.com,Flight,739,3
55,1125,Caitlin Walker,"25730 Jordan Glens
Natashaburgh, TX 14127",marksimpson@yahoo.com,Hotel,191,3
118,1053,Nicholas Butler,"96161 Mark Creek Apt. 574
New Moniqueshire, OK 35904",hfrank@pope-rose.com,Hotel,737,6
40,1104,Ray Garcia,"6459 Michelle Knolls
West Tara, NJ 71178",yhouse@yahoo.com,Hotel,656,1
150,1058,Rachel Ward,"04357 Joseph Rapids
Lake Jamesbury, KY 79474",zlong@hotmail.com,Flight,237,2
73,1149,Terri Aguilar,"Unit 6245 Box 6703
DPO AA 27816",victorroth@richardson-brown.com,Flight,494,5
137,1098,Sarah Alexander,"1811 Lisa Lake
Christopherstad, NC 00601",zwest@boyd-torres.com,Hotel,955,4
146,1001,Elizabeth Olson,"05736 Trevor Ville Suite 638
Robertton, OR 38207",tammy97@cobb-clarke.com,Hotel,364,3
100,1043,Jennifer Berry,"049 Ford Radial
Port Jimmy, MO 06619",amanda86@reese-alvarado.com,Flight,111,3
43,1107,Eric Fisher,"2786 Judith Gateway Suite 725
Jameshaven, WA 74766",vward@hotmail.com,Hotel,619,6
58,1132,Jason Johnson,"0822 Hayes Run Apt. 230
Johnberg, OK 59668",wkhan@hotmail.com,Hotel,629,4
117,1086,Anthony Ford,"0148 Lowery Estate Apt. 377
Lake Cindy, NC 32001",justinbailey@perez-smith.biz,Hotel,793,5
108,1047,Nina Weeks,"4250 Burns Forges Suite 922
West Christopher, SC 88814",ohowell@berry.com,Hotel,235,2
44,1108,Earl Walker,"Unit 5236 Box 0869
DPO AA 25371",jamiebradley@best-cole.com,Hotel,-12,3
89,1093,Eric Glenn,"2560 Christian Junctions
North Shane, CA 88681",tarabradley@jones.com,Flight,699,3
126,1026,Courtney Myers,"92730 Mccoy Ville Apt. 813
West Walterburgh, KY 26690",qbarrett@yahoo.com,Hotel,1180,7
131,1017,Pamela Perkins,"5651 Pearson Trail Suite 285
Lake Tyler, NJ 06477",vasquezchristina@peters.net,Hotel,607,3
67,1142,Jose Thompson,"Unit 7648 Box 9504
DPO AP 14164",aaronbaldwin@hensley-vargas.com,Flight,253,4
68,1143,Thomas Trevino,"8984 Jones Well Apt. 442
Davisland, CA 21129",mistymckenzie@ingram.com,Hotel,727,2
129,1015,John Allison,"165 Jasmine Square
Weaverbury, GA 77553",johnmoore@hotmail.com,Flight,300,3
46,1112,Christina Reed,"7329 Stevenson Dale
Cobbfurt, UT 54886",juliagray@hotmail.com,Hotel,79,3
65,1140,Bryan Lowe,"8557 Pamela Squares
South Michaeltown, MT 09574",jonesrachael@obrien-george.com,Flight,778,4
93,1078,Robert Smith,"0842 White Rapid Apt. 888
Melodyburgh, WA 23182",gregorysparks@gmail.com,Flight,180,4
132,1083,Sean Norman,"843 Martin Shoal
Lake Andreaville, TN 85585",ksnow@richardson.biz,Hotel,284,3
