booking_id,customer_id,booking_date,amount,booking_type,quantity,discount,booking_status,hotel_name,flight_number,ingestion_time,business_date
1,1007,2024-07-22,570,Flight,1,1,Completed,null,my6617,2025-12-01T01:59:33.085Z,2025-11-29
2,1093,2023-10-20,296,Hotel,1,14,Cancelled,Mcdonald LLC,null,2025-12-01T01:59:33.085Z,2025-11-29
3,1081,2023-09-18,691,Hotel,4,4,Cancelled,Foley and Sons,null,2025-12-01T01:59:33.085Z,2025-11-29
4,1036,2023-10-17,361,Hotel,3,75,Completed,"Hines, Lutz and Jimenez",null,2025-12-01T01:59:33.085Z,2025-11-29
5,1022,2024-01-29,253,Hotel,2,57,Pending,Booker LLC,null,2025-12-01T01:59:33.085Z,2025-11-29
6,1062,2024-01-21,845,Hotel,4,77,Pending,Martinez-Macias,null,2025-12-01T01:59:33.085Z,2025-11-29
7,1021,2024-05-20,255,Flight,1,78,Pending,null,Xd9493,2025-12-01T01:59:33.085Z,2025-11-29
8,1037,2023-09-10,600,Hotel,3,35,Cancelled,Herrera Ltd,null,2025-12-01T01:59:33.085Z,2025-11-29
9,1047,2023-12-19,241,Hotel,2,6,Pending,Daniels-Ross,null,2025-12-01T01:59:33.085Z,2025-11-29
10,1099,2024-05-11,839,Flight,1,60,Pending,null,Lg1381,2025-12-01T01:59:33.085Z,2025-11-29
11,1049,2023-08-13,988,Hotel,1,26,Pending,Roberts and Sons,null,2025-12-01T01:59:33.085Z,2025-11-29
12,1033,2024-04-16,168,Flight,5,22,Completed,null,MF4734,2025-12-01T01:59:33.085Z,2025-11-29
13,1006,2024-06-18,644,Flight,4,41,Pending,null,fo2655,2025-12-01T01:59:33.085Z,2025-11-29
14,1057,2023-08-12,627,Flight,3,23,Cancelled,null,Ky8949,2025-12-01T01:59:33.085Z,2025-11-29
15,1042,2024-06-14,308,Flight,3,79,Cancelled,null,Xx2768,2025-12-01T01:59:33.085Z,2025-11-29
16,1078,2024-01-02,211,Hotel,4,76,Cancelled,"Harris, Herrera and Hardin",null,2025-12-01T01:59:33.085Z,2025-11-29
17,1099,2023-11-23,605,Flight,5,86,Completed,null,PA6672,2025-12-01T01:59:33.085Z,2025-11-29
18,1008,2023-09-15,516,Flight,3,36,Cancelled,null,IW1899,2025-12-01T01:59:33.085Z,2025-11-29
19,1038,2023-12-29,112,Hotel,4,6,Cancelled,Hart and Sons,null,2025-12-01T01:59:33.085Z,2025-11-29
20,1089,2024-03-11,304,Hotel,4,26,Pending,Solomon-Hanna,null,2025-12-01T01:59:33.085Z,2025-11-29
21,1093,2023-10-16,750,Flight,3,51,Completed,null,Az9766,2025-12-01T01:59:33.085Z,2025-11-29
22,1030,2024-04-13,936,Flight,2,17,Pending,null,eC4367,2025-12-01T01:59:33.085Z,2025-11-29
23,1066,2023-08-14,158,Hotel,5,2,Cancelled,"Parker, Bartlett and Nelson",null,2025-12-01T01:59:33.085Z,2025-11-29
24,1099,2024-03-26,340,Hotel,1,94,Cancelled,"Caldwell, Mcintyre and Reyes",null,2025-12-01T01:59:33.085Z,2025-11-29
25,1086,2024-01-07,244,Hotel,3,92,Cancelled,Hubbard-Huang,null,2025-12-01T01:59:33.085Z,2025-11-29
26,1053,2024-05-22,266,Hotel,3,36,Completed,Reynolds-Johnson,null,2025-12-01T01:59:33.085Z,2025-11-29
27,1093,2024-07-02,801,Hotel,4,82,Cancelled,Nguyen-Garrett,null,2025-12-01T01:59:33.085Z,2025-11-29
28,1060,2023-08-09,869,Hotel,3,40,Cancelled,Bentley PLC,null,2025-12-01T01:59:33.085Z,2025-11-29
29,1056,2023-11-12,783,Hotel,4,83,Cancelled,"Lang, Waters and Cantu",null,2025-12-01T01:59:33.085Z,2025-11-29
30,1097,2024-07-19,732,Flight,1,80,Completed,null,Vd2445,2025-12-01T01:59:33.085Z,2025-11-29
31,1022,2023-07-27,36,Hotel,3,69,Pending,Miller PLC,null,2025-12-01T01:59:33.085Z,2025-11-29
32,1088,2024-02-11,121,Flight,1,64,Completed,null,YC5676,2025-12-01T01:59:33.085Z,2025-11-29
33,1048,2024-02-04,116,Flight,1,19,Pending,null,St7923,2025-12-01T01:59:33.085Z,2025-11-29
34,1054,2023-11-01,572,Hotel,5,80,Cancelled,Robinson-Kerr,null,2025-12-01T01:59:33.085Z,2025-11-29
35,1069,2023-09-02,948,Flight,2,86,Pending,null,ny4045,2025-12-01T01:59:33.085Z,2025-11-29
36,1090,2024-06-10,480,Hotel,1,54,Completed,"Smith, Glenn and Wells",null,2025-12-01T01:59:33.085Z,2025-11-29
37,1006,2023-09-17,729,Flight,5,68,Completed,null,Cn9481,2025-12-01T01:59:33.085Z,2025-11-29
38,1086,2024-01-10,670,Hotel,2,29,Completed,"Murphy, Price and Garcia",null,2025-12-01T01:59:33.085Z,2025-11-29
39,1077,2023-09-18,248,Hotel,5,19,Cancelled,"Davis, Ford and Williams",null,2025-12-01T01:59:33.085Z,2025-11-29
40,1026,2024-05-18,593,Hotel,3,60,Completed,"Henson, Lee and Clayton",null,2025-12-01T01:59:33.085Z,2025-11-29
41,1099,2024-07-01,597,Flight,3,32,Cancelled,null,Mf2327,2025-12-01T01:59:33.085Z,2025-11-29
42,1074,2023-11-02,637,Hotel,3,70,Pending,Henry-Gonzalez,null,2025-12-01T01:59:33.085Z,2025-11-29
43,1026,2023-11-28,671,Hotel,4,24,Pending,May and Sons,null,2025-12-01T01:59:33.085Z,2025-11-29
44,1007,2024-03-14,801,Flight,5,3,Cancelled,null,hx1574,2025-12-01T01:59:33.085Z,2025-11-29
45,1039,2023-10-02,558,Flight,3,57,Completed,null,xA0048,2025-12-01T01:59:33.085Z,2025-11-29
46,1015,2023-08-15,302,Flight,3,2,Pending,null,ov9348,2025-12-01T01:59:33.085Z,2025-11-29
47,1056,2023-12-27,393,Hotel,3,46,Cancelled,Chan-Gordon,null,2025-12-01T01:59:33.085Z,2025-11-29
48,1056,2024-01-16,238,Flight,5,86,Completed,null,tI5551,2025-12-01T01:59:33.085Z,2025-11-29
49,1013,2024-03-05,969,Hotel,3,62,Cancelled,Arnold Ltd,null,2025-12-01T01:59:33.085Z,2025-11-29
50,1030,2024-05-02,654,Hotel,3,61,Completed,Mclaughlin Inc,null,2025-12-01T01:59:33.085Z,2025-11-29
51,1017,2024-03-23,695,Hotel,3,88,Pending,"Cannon, Hill and Harrison",null,2025-12-01T01:59:33.085Z,2025-11-29
52,1083,2024-01-29,859,Flight,2,30,Completed,null,Zu8993,2025-12-01T01:59:33.085Z,2025-11-29
53,1013,2023-09-19,801,Flight,1,26,Pending,null,fD7105,2025-12-01T01:59:33.085Z,2025-11-29
54,1023,2024-04-13,798,Hotel,4,74,Pending,"Nelson, Johnson and Sheppard",null,2025-12-01T01:59:33.085Z,2025-11-29
55,1050,2024-02-08,898,Hotel,4,43,Pending,Sullivan LLC,null,2025-12-01T01:59:33.085Z,2025-11-29
56,1053,2023-10-24,351,Hotel,1,93,Pending,Nelson PLC,null,2025-12-01T01:59:33.085Z,2025-11-29
57,1005,2024-02-02,126,Flight,4,17,Completed,null,NV8625,2025-12-01T01:59:33.085Z,2025-11-29
58,1056,2024-03-06,454,Hotel,4,17,Completed,Jones-Henry,null,2025-12-01T01:59:33.085Z,2025-11-29
59,1035,2024-03-22,804,Hotel,1,6,Completed,"Sullivan, Coleman and Campos",null,2025-12-01T01:59:33.085Z,2025-11-29
60,1095,2023-08-26,355,Flight,1,90,Completed,null,JW5955,2025-12-01T01:59:33.085Z,2025-11-29
61,1079,2023-08-27,630,Hotel,4,79,Cancelled,"Acosta, Palmer and Burgess",null,2025-12-01T01:59:33.085Z,2025-11-29
62,1053,2024-05-15,286,Hotel,1,25,Completed,"Mueller, Warren and Nguyen",null,2025-12-01T01:59:33.085Z,2025-11-29
63,1098,2023-10-08,989,Hotel,4,34,Completed,Benitez and Sons,null,2025-12-01T01:59:33.085Z,2025-11-29
64,1022,2023-11-05,403,Hotel,3,69,Completed,"Bowen, Mercado and Mason",null,2025-12-01T01:59:33.085Z,2025-11-29
65,1003,2023-12-11,54,Hotel,1,94,Pending,Price Ltd,null,2025-12-01T01:59:33.085Z,2025-11-29
66,1064,2023-12-22,236,Flight,4,34,Completed,null,MA3634,2025-12-01T01:59:33.085Z,2025-11-29
67,1042,2024-05-20,241,Flight,3,95,Cancelled,null,tW5304,2025-12-01T01:59:33.085Z,2025-11-29
68,1017,2023-08-29,942,Flight,2,87,Completed,null,vV5424,2025-12-01T01:59:33.085Z,2025-11-29
69,1085,2024-07-23,385,Hotel,2,87,Completed,Simmons and Sons,null,2025-12-01T01:59:33.085Z,2025-11-29
70,1014,2024-06-24,436,Hotel,3,51,Cancelled,"Randolph, Clark and Williams",null,2025-12-01T01:59:33.085Z,2025-11-29
71,1081,2024-05-17,683,Hotel,2,68,Completed,Jennings-Frazier,null,2025-12-01T01:59:33.085Z,2025-11-29
72,1022,2023-12-12,57,Flight,2,44,Pending,null,ou6693,2025-12-01T01:59:33.085Z,2025-11-29
73,1064,2024-02-13,210,Hotel,4,75,Completed,Jackson and Sons,null,2025-12-01T01:59:33.085Z,2025-11-29
74,1019,2023-09-29,103,Hotel,4,34,Completed,Garcia-Franklin,null,2025-12-01T01:59:33.085Z,2025-11-29
75,1060,2024-03-28,63,Hotel,5,81,Pending,"Hernandez, Bailey and Flores",null,2025-12-01T01:59:33.085Z,2025-11-29
76,1083,2024-07-23,332,Hotel,3,48,Pending,"Franco, Whitaker and Lopez",null,2025-12-01T01:59:33.085Z,2025-11-29
77,1013,2023-12-31,788,Hotel,1,2,Cancelled,Richards-Salazar,null,2025-12-01T01:59:33.085Z,2025-11-29
78,1033,2024-03-10,161,Flight,4,27,Pending,null,hT5881,2025-12-01T01:59:33.085Z,2025-11-29
79,1039,2023-10-16,730,Flight,1,23,Cancelled,null,zT4448,2025-12-01T01:59:33.085Z,2025-11-29
80,1002,2023-12-30,528,Flight,1,10,Completed,null,YI4259,2025-12-01T01:59:33.085Z,2025-11-29
81,1096,2024-03-23,130,Hotel,4,9,Completed,Carter-May,null,2025-12-01T01:59:33.085Z,2025-11-29
82,1086,2024-02-22,996,Flight,2,92,Pending,null,KK4876,2025-12-01T01:59:33.085Z,2025-11-29
83,1012,2023-09-29,840,Flight,2,79,Completed,null,CS6674,2025-12-01T01:59:33.085Z,2025-11-29
84,1067,2024-04-24,636,Hotel,1,80,Cancelled,Castro-Smith,null,2025-12-01T01:59:33.085Z,2025-11-29
85,1001,2023-08-20,368,Hotel,3,4,Completed,Cole PLC,null,2025-12-01T01:59:33.085Z,2025-11-29
86,1020,2024-05-11,433,Flight,5,71,Pending,null,JJ0925,2025-12-01T01:59:33.085Z,2025-11-29
87,1043,2024-02-24,147,Flight,3,36,Pending,null,QF9380,2025-12-01T01:59:33.085Z,2025-11-29
88,1064,2024-02-28,685,Flight,2,21,Completed,null,fb7443,2025-12-01T01:59:33.085Z,2025-11-29
89,1087,2024-04-07,819,Hotel,4,30,Pending,Curry and Sons,null,2025-12-01T01:59:33.085Z,2025-11-29
90,1009,2024-06-20,168,Hotel,5,19,Cancelled,Floyd PLC,null,2025-12-01T01:59:33.085Z,2025-11-29
91,1019,2024-05-18,153,Hotel,5,88,Completed,"Ramirez, Ward and Chavez",null,2025-12-01T01:59:33.085Z,2025-11-29
92,1070,2023-09-18,864,Flight,1,26,Cancelled,null,yL7362,2025-12-01T01:59:33.085Z,2025-11-29
93,1058,2023-08-13,333,Flight,2,96,Pending,null,YU3109,2025-12-01T01:59:33.085Z,2025-11-29
94,1053,2024-04-15,2,Hotel,1,14,Completed,Sanders-Baker,null,2025-12-01T01:59:33.085Z,2025-11-29
95,1059,2024-01-08,448,Flight,4,62,Completed,null,jr5735,2025-12-01T01:59:33.085Z,2025-11-29
96,1062,2024-07-16,739,Flight,3,94,Completed,null,zw4349,2025-12-01T01:59:33.085Z,2025-11-29
97,1078,2024-02-26,184,Flight,4,4,Pending,null,dw1320,2025-12-01T01:59:33.085Z,2025-11-29
98,1065,2024-06-19,147,Flight,5,89,Cancelled,null,Fl7050,2025-12-01T01:59:33.085Z,2025-11-29
99,1003,2024-07-05,39,Hotel,4,48,Cancelled,Brown-Winters,null,2025-12-01T01:59:33.085Z,2025-11-29
100,1030,2024-05-20,989,Flight,5,86,Completed,null,LV0095,2025-12-01T01:59:33.085Z,2025-11-29
1,1097,2024-01-14,272,Hotel,1,94,Pending,"Johnson, Leach and Kim",null,2025-12-01T01:17:17.506Z,2025-11-30
2,1077,2023-12-04,907,Hotel,4,7,Completed,"Buckley, Wang and Shaffer",null,2025-12-01T01:17:17.506Z,2025-11-30
3,1107,2024-01-17,812,Flight,1,93,Pending,null,EA1978,2025-12-01T01:17:17.506Z,2025-11-30
4,1112,2024-05-17,313,Flight,2,83,Cancelled,null,LL0838,2025-12-01T01:17:17.506Z,2025-11-30
5,1104,2023-08-25,688,Hotel,1,32,Completed,"Calhoun, Bauer and Jones",null,2025-12-01T01:17:17.506Z,2025-11-30
6,1125,2024-04-06,271,Hotel,3,80,Pending,Lee-Erickson,null,2025-12-01T01:17:17.506Z,2025-11-30
7,1128,2024-07-01,438,Hotel,3,0,Completed,"Maddox, Williams and Hess",null,2025-12-01T01:17:17.506Z,2025-11-30
8,1137,2023-12-14,651,Hotel,2,92,Pending,Miller Ltd,null,2025-12-01T01:17:17.506Z,2025-11-30
9,1047,2023-09-20,812,Hotel,3,40,Completed,"Turner, Adams and Fitzgerald",null,2025-12-01T01:17:17.506Z,2025-11-30
10,1023,2023-09-26,127,Flight,5,75,Cancelled,null,Nb3015,2025-12-01T01:17:17.506Z,2025-11-30
11,1097,2024-05-14,493,Flight,3,15,Cancelled,null,Bx9386,2025-12-01T01:17:17.506Z,2025-11-30
12,1047,2023-09-26,639,Flight,5,46,Cancelled,null,lK9126,2025-12-01T01:17:17.506Z,2025-11-30
13,1009,2023-09-02,502,Flight,4,48,Cancelled,null,rc8684,2025-12-01T01:17:17.506Z,2025-11-30
14,1067,2023-08-27,541,Flight,1,91,Pending,null,OR3871,2025-12-01T01:17:17.506Z,2025-11-30
15,1128,2023-10-18,75,Hotel,3,58,Completed,"Vega, Smith and Rubio",null,2025-12-01T01:17:17.506Z,2025-11-30
16,1081,2024-06-03,287,Hotel,1,90,Completed,"Johnson, Shaw and Jarvis",null,2025-12-01T01:17:17.506Z,2025-11-30
17,1066,2023-10-04,624,Hotel,4,6,Completed,Wells PLC,null,2025-12-01T01:17:17.506Z,2025-11-30
18,1064,2023-12-24,36,Hotel,3,79,Cancelled,"Brewer, Martinez and Martin",null,2025-12-01T01:17:17.506Z,2025-11-30
19,1096,2023-11-02,971,Hotel,5,80,Cancelled,Ochoa-Castro,null,2025-12-01T01:17:17.506Z,2025-11-30
20,1015,2023-08-22,371,Flight,4,53,Completed,null,or1916,2025-12-01T01:17:17.506Z,2025-11-30
21,1014,2024-02-25,554,Flight,3,69,Completed,null,ek5337,2025-12-01T01:17:17.506Z,2025-11-30
22,1089,2023-11-07,764,Hotel,1,68,Completed,Calderon and Sons,null,2025-12-01T01:17:17.506Z,2025-11-30
23,1088,2024-04-18,507,Flight,4,83,Cancelled,null,dh7476,2025-12-01T01:17:17.506Z,2025-11-30
24,1057,2024-04-07,427,Hotel,4,24,Completed,"Peterson, Petty and Vaughn",null,2025-12-01T01:17:17.506Z,2025-11-30
25,1138,2023-12-01,859,Hotel,3,62,Cancelled,"Oconnor, Warren and Aguirre",null,2025-12-01T01:17:17.506Z,2025-11-30
26,1149,2023-08-14,424,Hotel,2,83,Pending,"Collins, Gonzalez and Roberts",null,2025-12-01T01:17:17.506Z,2025-11-30
27,1108,2024-05-02,22,Hotel,3,34,Cancelled,Smith LLC,null,2025-12-01T01:17:17.506Z,2025-11-30
28,1137,2023-09-30,547,Flight,3,31,Pending,null,Ts4042,2025-12-01T01:17:17.506Z,2025-11-30
29,1114,2024-04-21,642,Flight,1,13,Completed,null,GN9219,2025-12-01T01:17:17.506Z,2025-11-30
30,1067,2024-05-08,148,Flight,1,70,Completed,null,Od2552,2025-12-01T01:17:17.506Z,2025-11-30
31,1137,2024-05-10,310,Flight,5,33,Pending,null,SS9023,2025-12-01T01:17:17.506Z,2025-11-30
32,1062,2023-09-18,203,Flight,1,74,Cancelled,null,Il4418,2025-12-01T01:17:17.506Z,2025-11-30
33,1116,2023-10-13,192,Hotel,3,28,Pending,Morales-Taylor,null,2025-12-01T01:17:17.506Z,2025-11-30
34,1038,2024-04-24,933,Flight,1,21,Completed,null,Lz8085,2025-12-01T01:17:17.506Z,2025-11-30
35,1103,2024-01-01,646,Hotel,1,10,Completed,"Orozco, Walton and Wright",null,2025-12-01T01:17:17.506Z,2025-11-30
36,1117,2024-03-31,627,Flight,5,15,Pending,null,nV3078,2025-12-01T01:17:17.506Z,2025-11-30
37,1103,2024-03-19,290,Hotel,4,94,Pending,Roman-Sanchez,null,2025-12-01T01:17:17.506Z,2025-11-30
38,1009,2024-06-03,232,Flight,1,59,Cancelled,null,WX9994,2025-12-01T01:17:17.506Z,2025-11-30
39,1067,2023-08-27,961,Flight,4,86,Pending,null,AR1502,2025-12-01T01:17:17.506Z,2025-11-30
40,1037,2023-10-23,105,Flight,5,28,Cancelled,null,iT0017,2025-12-01T01:17:17.506Z,2025-11-30
41,1036,2024-03-05,637,Hotel,1,39,Completed,Woods PLC,null,2025-12-01T01:17:17.506Z,2025-11-30
42,1058,2024-05-25,107,Flight,2,91,Completed,null,IJ4997,2025-12-01T01:17:17.506Z,2025-11-30
43,1058,2023-11-25,190,Hotel,3,15,Cancelled,Brown-Lee,null,2025-12-01T01:17:17.506Z,2025-11-30
44,1106,2023-08-15,863,Flight,2,48,Pending,null,cP7935,2025-12-01T01:17:17.506Z,2025-11-30
45,1064,2024-06-03,751,Hotel,3,14,Completed,"Fernandez, Martin and Smith",null,2025-12-01T01:17:17.506Z,2025-11-30
46,1128,2024-07-14,423,Hotel,1,69,Completed,"Swanson, Stone and Jennings",null,2025-12-01T01:17:17.506Z,2025-11-30
47,1030,2024-01-07,641,Flight,1,46,Pending,null,Hh2064,2025-12-01T01:17:17.506Z,2025-11-30
48,1002,2024-01-02,12,Flight,3,44,Completed,null,fM9190,2025-12-01T01:17:17.506Z,2025-11-30
49,1038,2023-08-24,230,Hotel,2,25,Pending,"Christensen, Russell and Campos",null,2025-12-01T01:17:17.506Z,2025-11-30
50,1117,2023-11-02,224,Hotel,4,40,Pending,Lee PLC,null,2025-12-01T01:17:17.506Z,2025-11-30
51,1095,2024-04-03,975,Hotel,3,93,Pending,"Oliver, Morrison and Mack",null,2025-12-01T01:17:17.506Z,2025-11-30
52,1114,2023-09-17,601,Hotel,4,13,Cancelled,"Jones, Delgado and Townsend",null,2025-12-01T01:17:17.506Z,2025-11-30
53,1054,2024-02-08,737,Hotel,1,5,Cancelled,"Smith, Lee and Davenport",null,2025-12-01T01:17:17.506Z,2025-11-30
54,1133,2023-10-23,878,Flight,2,92,Cancelled,null,Sq8788,2025-12-01T01:17:17.506Z,2025-11-30
55,1053,2023-08-05,8,Hotel,1,65,Cancelled,Benson-Castillo,null,2025-12-01T01:17:17.506Z,2025-11-30
56,1087,2024-06-04,988,Hotel,1,50,Cancelled,Smith-Lewis,null,2025-12-01T01:17:17.506Z,2025-11-30
57,1137,2024-04-08,927,Hotel,3,81,Cancelled,"Green, King and Miller",null,2025-12-01T01:17:17.506Z,2025-11-30
58,1012,2023-08-20,993,Flight,3,88,Cancelled,null,fF2938,2025-12-01T01:17:17.506Z,2025-11-30
59,1039,2023-12-14,594,Flight,1,44,Completed,null,Hy3568,2025-12-01T01:17:17.506Z,2025-11-30
60,1146,2024-06-03,231,Flight,2,20,Completed,null,AS5702,2025-12-01T01:17:17.506Z,2025-11-30
61,1013,2024-06-09,681,Flight,5,59,Completed,null,uR5558,2025-12-01T01:17:17.506Z,2025-11-30
62,1143,2024-05-22,779,Hotel,2,52,Completed,Wilson PLC,null,2025-12-01T01:17:17.506Z,2025-11-30
63,1144,2023-09-11,259,Flight,3,85,Pending,null,Lp1802,2025-12-01T01:17:17.506Z,2025-11-30
64,1132,2024-07-13,634,Hotel,4,5,Pending,"Smith, Stone and Peck",null,2025-12-01T01:17:17.506Z,2025-11-30
65,1081,2023-12-02,67,Hotel,5,96,Pending,Rodriguez-Roberts,null,2025-12-01T01:17:17.506Z,2025-11-30
66,1101,2024-03-17,348,Hotel,5,14,Cancelled,"Barry, Rojas and Hanson",null,2025-12-01T01:17:17.506Z,2025-11-30
67,1009,2023-12-25,49,Hotel,5,81,Completed,Lang-Cruz,null,2025-12-01T01:17:17.506Z,2025-11-30
68,1088,2023-10-20,268,Flight,2,52,Cancelled,null,oT2970,2025-12-01T01:17:17.506Z,2025-11-30
69,1135,2023-11-26,2,Hotel,3,15,Completed,Mitchell-Thomas,null,2025-12-01T01:17:17.506Z,2025-11-30
70,1102,2023-11-19,483,Hotel,4,90,Completed,Horton LLC,null,2025-12-01T01:17:17.506Z,2025-11-30
71,1017,2024-02-13,312,Flight,4,68,Pending,null,Wx4249,2025-12-01T01:17:17.506Z,2025-11-30
72,1098,2024-01-30,279,Hotel,5,48,Pending,Garner-Cooper,null,2025-12-01T01:17:17.506Z,2025-11-30
73,1103,2024-06-04,909,Hotel,3,56,Completed,"Sanders, Rios and Powell",null,2025-12-01T01:17:17.506Z,2025-11-30
74,1148,2023-10-22,860,Hotel,1,63,Cancelled,Newman and Sons,null,2025-12-01T01:17:17.506Z,2025-11-30
75,1067,2024-02-18,140,Flight,2,29,Pending,null,ma5531,2025-12-01T01:17:17.506Z,2025-11-30
76,1036,2024-05-15,465,Flight,2,72,Completed,null,yv1005,2025-12-01T01:17:17.506Z,2025-11-30
77,1013,2024-02-21,282,Hotel,3,8,Pending,Savage-Hawkins,null,2025-12-01T01:17:17.506Z,2025-11-30
78,1124,2023-10-10,491,Hotel,4,91,Completed,Swanson Group,null,2025-12-01T01:17:17.506Z,2025-11-30
79,1138,2024-03-25,252,Hotel,1,27,Completed,Brady-Jenkins,null,2025-12-01T01:17:17.506Z,2025-11-30
80,1108,2024-05-22,1,Flight,5,67,Pending,null,Ne6680,2025-12-01T01:17:17.506Z,2025-11-30
81,1087,2023-09-18,394,Hotel,3,38,Pending,Thornton-Hayden,null,2025-12-01T01:17:17.506Z,2025-11-30
82,1056,2024-03-22,727,Hotel,3,70,Pending,"Hernandez, Long and Carroll",null,2025-12-01T01:17:17.506Z,2025-11-30
83,1002,2023-11-23,140,Hotel,1,43,Pending,Brooks-Roy,null,2025-12-01T01:17:17.506Z,2025-11-30
84,1002,2024-06-25,989,Flight,5,93,Completed,null,Yt4157,2025-12-01T01:17:17.506Z,2025-11-30
85,1037,2024-03-02,635,Flight,2,60,Cancelled,null,wz9269,2025-12-01T01:17:17.506Z,2025-11-30
86,1037,2024-06-06,153,Hotel,1,27,Completed,"Cooper, Acevedo and Vega",null,2025-12-01T01:17:17.506Z,2025-11-30
87,1124,2024-04-27,618,Hotel,4,32,Completed,"Acosta, Carroll and Bryant",null,2025-12-01T01:17:17.506Z,2025-11-30
88,1037,2024-04-13,345,Flight,4,33,Pending,null,rD2640,2025-12-01T01:17:17.506Z,2025-11-30
89,1128,2023-12-26,201,Hotel,5,35,Pending,Myers PLC,null,2025-12-01T01:17:17.506Z,2025-11-30
90,1107,2024-05-19,340,Flight,3,84,Pending,null,Bf9926,2025-12-01T01:17:17.506Z,2025-11-30
91,1136,2024-03-31,169,Hotel,3,34,Pending,Chen-Mitchell,null,2025-12-01T01:17:17.506Z,2025-11-30
92,1118,2024-06-09,882,Flight,3,24,Cancelled,null,ys7833,2025-12-01T01:17:17.506Z,2025-11-30
93,1105,2024-06-23,322,Hotel,1,17,Completed,Larsen-Soto,null,2025-12-01T01:17:17.506Z,2025-11-30
94,1122,2023-08-20,423,Flight,1,58,Cancelled,null,md3788,2025-12-01T01:17:17.506Z,2025-11-30
95,1137,2023-08-18,239,Flight,1,71,Cancelled,null,kc1188,2025-12-01T01:17:17.506Z,2025-11-30
96,1039,2023-12-20,63,Flight,1,33,Completed,null,xG0905,2025-12-01T01:17:17.506Z,2025-11-30
97,1083,2023-07-30,517,Hotel,3,65,Pending,"Nunez, Armstrong and Brown",null,2025-12-01T01:17:17.506Z,2025-11-30
98,1110,2024-03-05,713,Flight,2,82,Pending,null,fm6740,2025-12-01T01:17:17.506Z,2025-11-30
99,1107,2023-12-18,205,Hotel,2,72,Cancelled,Stephens-Smith,null,2025-12-01T01:17:17.506Z,2025-11-30
100,1139,2023-11-10,699,Flight,1,83,Cancelled,null,dO3782,2025-12-01T01:17:17.506Z,2025-11-30
101,1001,2024-05-11,764,Hotel,1,45,Cancelled,Higgins-Jones,null,2025-12-01T01:17:17.506Z,2025-11-30
102,1006,2023-12-05,703,Flight,5,23,Pending,null,hK2574,2025-12-01T01:17:17.506Z,2025-11-30
103,1102,2024-01-31,37,Hotel,5,60,Completed,Lewis-Baker,null,2025-12-01T01:17:17.506Z,2025-11-30
104,1098,2024-05-10,213,Flight,1,3,Pending,null,ni1713,2025-12-01T01:17:17.506Z,2025-11-30
105,1039,2023-09-10,752,Hotel,2,3,Pending,"Wheeler, Ali and Harrington",null,2025-12-01T01:17:17.506Z,2025-11-30
106,1141,2023-10-05,43,Hotel,2,65,Completed,Hernandez Inc,null,2025-12-01T01:17:17.506Z,2025-11-30
107,1097,2024-07-22,766,Flight,2,56,Pending,null,gu6586,2025-12-01T01:17:17.506Z,2025-11-30
108,1114,2024-05-12,889,Hotel,2,42,Pending,Murray-Bautista,null,2025-12-01T01:17:17.506Z,2025-11-30
109,1118,2023-12-09,832,Flight,1,89,Cancelled,null,jB5403,2025-12-01T01:17:17.506Z,2025-11-30
110,1022,2024-04-21,414,Flight,4,21,Cancelled,null,TC8613,2025-12-01T01:17:17.506Z,2025-11-30
111,1145,2023-12-07,998,Flight,2,9,Cancelled,null,OK2501,2025-12-01T01:17:17.506Z,2025-11-30
112,1138,2023-08-07,909,Hotel,3,72,Completed,Gill Ltd,null,2025-12-01T01:17:17.506Z,2025-11-30
113,1142,2023-12-29,293,Flight,4,40,Completed,null,Ti2249,2025-12-01T01:17:17.506Z,2025-11-30
114,1128,2023-09-12,791,Flight,2,28,Pending,null,um5702,2025-12-01T01:17:17.506Z,2025-11-30
115,1148,2024-05-30,557,Hotel,5,94,Completed,Moses LLC,null,2025-12-01T01:17:17.506Z,2025-11-30
116,1002,2024-01-22,741,Flight,3,34,Cancelled,null,ga6493,2025-12-01T01:17:17.506Z,2025-11-30
117,1008,2023-08-26,551,Flight,3,11,Cancelled,null,fj9515,2025-12-01T01:17:17.506Z,2025-11-30
118,1087,2024-07-09,314,Flight,3,34,Completed,null,DI6831,2025-12-01T01:17:17.506Z,2025-11-30
119,1048,2024-05-02,199,Flight,1,7,Completed,null,wb4276,2025-12-01T01:17:17.506Z,2025-11-30
120,1140,2024-06-21,786,Flight,4,8,Cancelled,null,el2895,2025-12-01T01:17:17.506Z,2025-11-30
121,1098,2024-05-23,482,Flight,3,87,Completed,null,Tu2854,2025-12-01T01:17:17.506Z,2025-11-30
122,1054,2023-10-09,953,Flight,1,65,Completed,null,Cd4859,2025-12-01T01:17:17.506Z,2025-11-30
123,1021,2024-05-08,88,Flight,5,52,Cancelled,null,in1520,2025-12-01T01:17:17.506Z,2025-11-30
124,1086,2023-08-16,398,Flight,5,95,Completed,null,OS3933,2025-12-01T01:17:17.506Z,2025-11-30
125,1136,2023-08-29,525,Flight,2,68,Cancelled,null,Na5592,2025-12-01T01:17:17.506Z,2025-11-30
126,1121,2024-06-10,683,Hotel,4,78,Pending,Phelps-Sullivan,null,2025-12-01T01:17:17.506Z,2025-11-30
127,1064,2023-08-23,642,Hotel,2,33,Cancelled,Ellis-Scott,null,2025-12-01T01:17:17.506Z,2025-11-30
128,1121,2024-01-29,885,Flight,3,90,Pending,null,Fy0870,2025-12-01T01:17:17.506Z,2025-11-30
129,1008,2024-03-11,284,Hotel,5,41,Pending,Kennedy-Burns,null,2025-12-01T01:17:17.506Z,2025-11-30
130,1065,2024-04-14,711,Flight,4,93,Completed,null,Ab4780,2025-12-01T01:17:17.506Z,2025-11-30
131,1133,2023-10-27,948,Hotel,4,36,Completed,Maldonado-Barnes,null,2025-12-01T01:17:17.506Z,2025-11-30
132,1138,2024-02-09,796,Flight,3,36,Completed,null,SI2407,2025-12-01T01:17:17.506Z,2025-11-30
133,1017,2023-12-31,776,Hotel,4,36,Pending,Williams-Jones,null,2025-12-01T01:17:17.506Z,2025-11-30
134,1138,2024-07-17,820,Hotel,4,76,Completed,"Singleton, Rogers and Dyer",null,2025-12-01T01:17:17.506Z,2025-11-30
135,1050,2023-09-07,328,Hotel,4,77,Completed,Fernandez-Gibson,null,2025-12-01T01:17:17.506Z,2025-11-30
136,1089,2024-04-05,992,Flight,3,78,Pending,null,YC9447,2025-12-01T01:17:17.506Z,2025-11-30
137,1099,2024-01-24,47,Flight,4,98,Pending,null,Ir9906,2025-12-01T01:17:17.506Z,2025-11-30
138,1026,2023-11-16,705,Flight,2,57,Pending,null,Ik5857,2025-12-01T01:17:17.506Z,2025-11-30
139,1089,2024-01-25,121,Flight,1,13,Pending,null,bI0078,2025-12-01T01:17:17.506Z,2025-11-30
140,1023,2024-02-24,406,Flight,1,18,Cancelled,null,wp9954,2025-12-01T01:17:17.506Z,2025-11-30
141,1067,2023-12-20,122,Hotel,2,33,Cancelled,"Glenn, Rodriguez and Gomez",null,2025-12-01T01:17:17.506Z,2025-11-30
142,1096,2023-09-25,766,Hotel,1,31,Cancelled,"Mcguire, Mendez and Navarro",null,2025-12-01T01:17:17.506Z,2025-11-30
143,1065,2024-03-15,856,Flight,4,30,Cancelled,null,fl4188,2025-12-01T01:17:17.506Z,2025-11-30
144,1086,2023-07-29,694,Hotel,5,35,Completed,"Harris, Rogers and Tanner",null,2025-12-01T01:17:17.506Z,2025-11-30
145,1101,2023-08-28,7,Flight,3,77,Cancelled,null,EL4638,2025-12-01T01:17:17.506Z,2025-11-30
146,1131,2024-03-31,690,Hotel,4,80,Pending,"Wagner, Moore and Gray",null,2025-12-01T01:17:17.506Z,2025-11-30
147,1056,2024-04-05,161,Hotel,4,12,Completed,Wu LLC,null,2025-12-01T01:17:17.506Z,2025-11-30
148,1015,2024-07-22,757,Flight,4,18,Pending,null,yw9306,2025-12-01T01:17:17.506Z,2025-11-30
149,1085,2023-12-02,248,Hotel,4,0,Cancelled,"Gray, Martin and Hensley",null,2025-12-01T01:17:17.506Z,2025-11-30
150,1139,2023-12-18,883,Flight,2,74,Pending,null,MY1216,2025-12-01T01:17:17.506Z,2025-11-30
151,1083,2023-11-13,286,Flight,5,93,Completed,null,gX2520,2025-12-01T01:17:17.506Z,2025-11-30
152,1148,2024-05-22,534,Hotel,4,44,Pending,Johnson LLC,null,2025-12-01T01:17:17.506Z,2025-11-30
153,1012,2023-09-25,860,Hotel,5,48,Completed,Lopez-Wright,null,2025-12-01T01:17:17.506Z,2025-11-30
154,1090,2023-12-30,417,Flight,4,55,Pending,null,FW8158,2025-12-01T01:17:17.506Z,2025-11-30
155,1013,2023-12-03,858,Hotel,5,49,Pending,Washington Ltd,null,2025-12-01T01:17:17.506Z,2025-11-30
156,1114,2024-02-11,204,Flight,2,94,Pending,null,JG0172,2025-12-01T01:17:17.506Z,2025-11-30
157,1087,2023-08-21,137,Flight,1,96,Pending,null,mq0961,2025-12-01T01:17:17.506Z,2025-11-30
158,1056,2024-03-08,464,Flight,2,21,Cancelled,null,go1270,2025-12-01T01:17:17.506Z,2025-11-30
159,1054,2024-07-16,742,Flight,4,31,Cancelled,null,bl3184,2025-12-01T01:17:17.506Z,2025-11-30
160,1013,2023-09-03,217,Hotel,5,81,Pending,"Garcia, Black and Lee",null,2025-12-01T01:17:17.506Z,2025-11-30
161,1099,2024-01-27,583,Hotel,3,58,Pending,"Bush, Barker and Williams",null,2025-12-01T01:17:17.506Z,2025-11-30
162,1013,2024-01-19,316,Flight,1,99,Pending,null,Zx7824,2025-12-01T01:17:17.506Z,2025-11-30
163,1017,2023-11-07,77,Flight,1,33,Pending,null,ye9781,2025-12-01T01:17:17.506Z,2025-11-30
164,1019,2023-10-12,404,Hotel,3,31,Completed,Herring-Mcmahon,null,2025-12-01T01:17:17.506Z,2025-11-30
165,1074,2024-07-10,68,Flight,1,91,Cancelled,null,MR8112,2025-12-01T01:17:17.506Z,2025-11-30
166,1138,2023-07-28,456,Flight,5,63,Cancelled,null,pm9411,2025-12-01T01:17:17.506Z,2025-11-30
167,1085,2024-04-24,131,Flight,1,5,Cancelled,null,uG7596,2025-12-01T01:17:17.506Z,2025-11-30
168,1036,2024-02-01,487,Hotel,5,24,Cancelled,Warner PLC,null,2025-12-01T01:17:17.506Z,2025-11-30
169,1105,2024-07-22,881,Flight,1,34,Cancelled,null,Yv3536,2025-12-01T01:17:17.506Z,2025-11-30
170,1085,2023-12-21,202,Flight,5,31,Cancelled,null,zk4778,2025-12-01T01:17:17.506Z,2025-11-30
171,1086,2024-07-24,855,Hotel,5,75,Completed,Gordon LLC,null,2025-12-01T01:17:17.506Z,2025-11-30
172,1001,2023-10-06,118,Flight,3,99,Pending,null,pY0940,2025-12-01T01:17:17.506Z,2025-11-30
173,1086,2023-11-29,387,Hotel,3,91,Completed,Lane-Roberts,null,2025-12-01T01:17:17.506Z,2025-11-30
174,1095,2024-04-25,352,Flight,4,5,Pending,null,Xu2026,2025-12-01T01:17:17.506Z,2025-11-30
175,1149,2023-08-14,497,Flight,5,3,Cancelled,null,CP2007,2025-12-01T01:17:17.506Z,2025-11-30
176,1095,2023-08-11,184,Hotel,1,36,Cancelled,York Ltd,null,2025-12-01T01:17:17.506Z,2025-11-30
177,1056,2023-08-08,765,Hotel,2,6,Cancelled,Parker-Jordan,null,2025-12-01T01:17:17.506Z,2025-11-30
178,1056,2023-11-02,202,Flight,5,18,Cancelled,null,sp8417,2025-12-01T01:17:17.506Z,2025-11-30
179,1057,2023-11-18,248,Hotel,3,14,Cancelled,Rodriguez-Townsend,null,2025-12-01T01:17:17.506Z,2025-11-30
180,1035,2024-07-09,635,Hotel,4,62,Completed,Hodge PLC,null,2025-12-01T01:17:17.506Z,2025-11-30
181,1113,2024-04-03,300,Flight,2,55,Pending,null,Jj4469,2025-12-01T01:17:17.506Z,2025-11-30
182,1070,2024-01-05,180,Flight,2,79,Completed,null,vM3658,2025-12-01T01:17:17.506Z,2025-11-30
183,1108,2024-04-13,975,Flight,3,39,Cancelled,null,eC1961,2025-12-01T01:17:17.506Z,2025-11-30
184,1035,2023-12-28,186,Flight,5,20,Cancelled,null,Co0159,2025-12-01T01:17:17.506Z,2025-11-30
185,1087,2023-10-12,0,Hotel,3,14,Pending,"Gregory, Williams and Reynolds",null,2025-12-01T01:17:17.506Z,2025-11-30
186,1019,2024-06-15,811,Flight,5,92,Completed,null,jx3029,2025-12-01T01:17:17.506Z,2025-11-30
187,1137,2024-06-02,101,Flight,3,33,Completed,null,Gm7717,2025-12-01T01:17:17.506Z,2025-11-30
188,1107,2024-07-23,569,Hotel,4,83,Cancelled,"Carney, Sanchez and Robles",null,2025-12-01T01:17:17.506Z,2025-11-30
189,1102,2024-02-07,872,Hotel,2,44,Completed,"Patel, Brennan and Harrison",null,2025-12-01T01:17:17.506Z,2025-11-30
190,1077,2024-02-24,587,Flight,4,51,Pending,null,eg8592,2025-12-01T01:17:17.506Z,2025-11-30
191,1142,2023-11-23,360,Hotel,3,44,Completed,"Torres, Herrera and Collins",null,2025-12-01T01:17:17.506Z,2025-11-30
192,1135,2024-04-24,735,Hotel,1,52,Completed,Miller LLC,null,2025-12-01T01:17:17.506Z,2025-11-30
193,1050,2024-04-22,948,Flight,5,21,Pending,null,IY7888,2025-12-01T01:17:17.506Z,2025-11-30
194,1077,2024-07-19,730,Flight,5,12,Completed,null,ek0968,2025-12-01T01:17:17.506Z,2025-11-30
195,1001,2023-10-31,302,Hotel,3,67,Cancelled,"Zamora, Hammond and Terry",null,2025-12-01T01:17:17.506Z,2025-11-30
196,1112,2023-08-01,102,Hotel,3,23,Cancelled,Richards-King,null,2025-12-01T01:17:17.506Z,2025-11-30
197,1054,2023-11-02,165,Hotel,5,11,Completed,Rhodes PLC,null,2025-12-01T01:17:17.506Z,2025-11-30
198,1118,2023-09-27,496,Flight,4,97,Pending,null,EA5970,2025-12-01T01:17:17.506Z,2025-11-30
199,1114,2024-07-03,907,Hotel,3,40,Cancelled,Hall-Weeks,null,2025-12-01T01:17:17.506Z,2025-11-30
200,1089,2024-04-23,983,Flight,4,95,Completed,null,kp8961,2025-12-01T01:17:17.506Z,2025-11-30
